-- START INSERT:

-- USER TABLE:

INSERT INTO user (user_id, email, password, nickname, last_login, avatar_b64) VALUES (1, 'mateusz.moneta@gmail.com', MD5('mateusz1'), 'mati', '2021-05-06 02:55:05', ' /9j/4AAQSkZJRgABAQAAAQABAAD/2wCEAAkGBxANDQ0NDQ8PDQ0NDQ0NDQ0NDQ8NDQ0NFREWFhURFRUYHSggGBolGxUVITEhJSkrLi4vFys1RDM4NygtLi0BCgoKDg0NFQ8PFSsdFR0rKysrKysrLSsrLS03KysrNy0rLS0rKysrKy0wKysrKystKys3KystKystLSstKysrK//AABEIALcBEwMBEQACEQEDEQH/xAAbAAADAQEBAQEAAAAAAAAAAAAAAgMBBAUGB//EAD4QAAMAAQMABgcFBQYHAAAAAAABAgMEERIFEyExQVFSYXGBkZLwBoKhwdEiQrHS4RQjQ2KTogdEU2NkcvH/xAAZAQEBAQEBAQAAAAAAAAAAAAAAAQIDBAX/xAAwEQEAAgICAQEGBAYDAQAAAAAAARECEgNREwQhMUFSYZEFFKGxIiOBwdHwQlNxMv/aAAwDAQACEQMRAD8A/Ldj2q3YqtKN2KN2A1IqmSFDUi0G4lG7AbxKN4gbxCt4loZwJQZSWhvEA4gHEDOIBxAziBnEgxyEY5JRTNgUVogxoDNiBdiDNgMaCM2IM2IjCBkjSt2KNSAZIqtSAZIo3YoZIqtUgMpKGUgapAZSUbwC03iChxBTeIKHEA4AHADOAKZwIUziArkDHIQrkgVyBmxArREY0ArRArRBmwGbERmwDJBWpFDJFDKShkgNSKplJQykBlJVOpAZSAykqmUAaoA3gFbwA3gAcADgBnADOBBjgDHBUK4IFcgorkJRXJAjkBXIQrkgxogVoiFaIFaAzYiGSKpkih0iqZIo1SVTqQHUgoykq0ZSFOoAdQA6gKZQAyxgMoA1YxYOrC03qwUOrBTHjIUx4ylFeMJRXjBRXACuAEcBKI4AVyRKI5ARyRCuQFaJQRoiFaIjNgHSCmSKplJQ6kqnUgOpKtHUBaOoBR1AKUmAtHWMFHWMLR1jBRljBR1jItNWMFN6sFN6sFM6sFDqhZRXjBTHjFlEeMWUR4wlEeMpRHAKTcBKI4CURwQojkJRHIKI5CJuSIVohRdiJR0iqdSVTqRa0opC0dSUpSYC0pMCylJgWtKTjFrSk4yWKTjFrR1jJZR1jFrR1jFlGWIlhliFjeqFjeqJYOqFjHiFhXjLYV4xZRHjFlEeMWUR4y2lJ1jFlJ1jFlJ1BbSk6gWlJ1AtKTqCWUm5CURyEojkITiRFJkNUopFrR5kWtKTBbWlJgWtKzAtaVnGSylJgWtKzBLKUnGLWlJxiylJxEsVnCTYUnETYo6wk2KMsJNlo3UjYpvUjYodSNiivCNiivEXZKJWIbFJ1iLsqdYi2J1jLZSVYxZSdQW0pKoBSdQLSkqgpSVQEpOpDNJ1JEpNyEonEJSsyGqPMhqlZkLSkwLWlZxi1WmCWKzAtVZxksVnGS1VjGTYWnETZFZxGdlVnCScilFiM7LR1iJuUdYibqbqibg6obg6obhXiLuUV4hulEeMu5SdYi7lJVjLulJXiNRmUlWIuwjWMuxSVYy7FJVjLslJVA2KSuC7JSNQXZKSqRaJVJLQmxbRSZMWtKzItqIWiRs1qtEE2WlpgmxSswTZaVmCbFLRjM7rS0YyeQpaMZmeRdVpgzuaqzJnddTzJmc11UUk3XU6kz5DQ6kz5F0NxJ5GvGOBPIeMOS+Q8ZXI8ieMjk15E0TaLuaEaLumidSXc1TqS7mqNSa3TRG5NRmaI3JqMzVGpLumqNyXdNUqRdzVG5NbpqjUl3TVGpGzE4k2Gyamk57OlLSTZqIVlk3a1WlknNdVZZnddVoZmc11Whk3XRaGYnka0Wlmd10VmjM5rooqMzyGik0Z8jXjUmjM8i+NSWZnkajjUkxPK1HGrKMTyteI+3Y3tv2dy23fqMTzfVfG8jWfaDFiwLOlyj+8nInSm8GdQ6nDkn92m1x7e5teZ3w48sstf9mO4efPlxxx2/2J6ln2Y6cnX4ObUxmhtZcUt1w3p8X2rxS3HqMZ4sq+EnpeSObG/jHverRxjlejxpUbjlZ8aVM3HInjSpl8ieNOqNeRPGnVmozTxpVZqM00RuzUZmiN0ajNNEbs1GbOiF2b2Z0Rqy7JqlVGtk1Sqi7M6o3ZdmZxTdl2Z1TnKZbilZykaiFJzEbpWcyMtRCs5zPtaiFZzmZtqMVZ1BibajFadSZmG9VJ1K8zM2uqs6hGJtdFY1CMzbWi06hGZtdFYzrzOc21GC85UYm2tF4s5zbUYLxRyymW4wWmjlOUlPnftp0Ppr02fVZMKeojE1jyxym+b/ZjfZrkk2u/fsPb6H1HL5MeOMv4b9rw+r9Px54ZZzj/ABRDwP8Ahvq4x5c+BpvLmStNTupx4127vw7bPb+J45TjjlE+yP7vH+FzGOeWEx/FP9n3V0fKxmX2pxc+TIdYtmcHPeZHSIlnRz3qEdIiWdEb1SNxCaI1ql5m4xlNUb1a8zUYyzOKF6xeZuMZZqEa1a8zcYyk0lWrXmajGWJpKtUjUYyzNJVqkbjGWJmEa1KNayxOUJ1qTUYyxOUJVqC6sTnBOvLqztDyuVelXzM1UvnbZdjnfpV8zGptl3Led+lXzMayu+fc/ccsnpV8zGs9G+fc/dqrI/3rf32NTbOfjP3Ooyvud/O/1Gn0X+Z3P3N1Wf8A7nzv9Rov8zufuW4yrvdr7zGiT5I98yJnL4VX+p/Uvj+hefc/c6w5343/AKn9R4/ov8zufuZYNR4PJ7sj/Unjjpa5e5+51g1Xg83uuv1Hjj6LXN3P3b1Gr/8AI+bJ+pNMfotc3c/eSVotQ++Mz9s2xrjHSacs9q49Pqp24rUz5cVm/Ik48c++m8ceaPm/V9P0d9odZEqcumyZmv3+qyY6ft2lp+5I8PJ6Hiym8c6fY4fXcsRWeF/WqezpftDkrbfSZl9zJ/KePk9BjHuzh7sOfHP4TDoyavT48WVZ9PlyZNTk/uctLJWTHb3fV7bftLv2S7kvUc8ePO6ivZX+/wBXTKdJxyjOsfjFe98z9n+kq0+LLeLBeRZ81VLU5HKlJLZOZfime/m9PHLMbZVUPn8PNjhGeeOP/wBTK+f7T6nw0tfLm/lLj+H8Xz/smX4lnHu4/wB/8OPJ9otS/wDl2vbGb9DrHouKP+TlP4py/wDX+7lydOan/pP5Mn6G49JxR8XOfxPm/wCv93PXTGpf+G/ks3+X42J/Eub5P3SrpXP4zt92yxwYMT+Ic3y/pKddJ5vL/bZrw4MT6/m6/cj6Ry+S+Wi+PFmfXcvRH0hk9XwZfHiz+c5SvXZPV8GXTFn83yletvzXwY1hPzXIV6y/NfAawz+Z5O2PVV5otJ58+y/2ivNBnzZ9jr68wnlyZ1r8wnkyZ1j80DfI6wrzLoaw1YF6Q1XSOzLTLzY1XSOzLTr0qLqukdmWnnzoUukdnnTT51+IpqMIXjSrzr4tEtuOOO5VnS+VWvvEtuOP6yvGm/z38xicvo6Y8cdyvOn/AMz9+zOc5z06Rxx2edMvFp+2ZMznPTcceKk6KH3qH92TM8ucNxwccrR0fj8p93Z/BmJ9RyNR6biVno6P/l2vzJ+Z5Omvy3H26cfReN+Nr2Zcv8xzn1efTcelw7l2Y+iZ8MuVezJb/izlPrMvjjH6f4bj00fDKVsmh6rHeR59Q1EumoqHWy79t0c49TOeURpDc8fjxnLaZo+LRZMmOLWozLdK562MDyY213b8Ox7dnYznl6nHHKYnCP6e5ceOc8Yy2+8RbxOiOjc+OtTpI1DiNLlXBNJp48i5p93m6+B68vU8euOc4Xs8nDw8kZZ8cZ1rP6T7XVl6P1S7tTD9uFv80MfVcPyOk8HN88fZyZNJrF/jY39xr8ztHqOD5XKeH1HzQ5rw6xeOKvbTX5HSObg6c54vU9wk1q13xjfsyfqjccnAzp6nqPulV6ld+KX7Mkmoz4e2Jx9R8v6ovNqF34X7qh/ma24u2J8/yfsR6rKu/DfuSf8AAt8fbM5cvySnWsvxxX8lFjTtmc+T5JTeufjFL2xRqse2fLl8skrXLxlr3MtR2z5e4Teun2FqO080dMern6Za+qeWCvUSKTyQV5kKhN4K8qCbQXmvpIJtAWP1sJX1Msa82F1jtqxz5sLrHZ1ij0n8yHtXXHsyiPSfzoXK649mU4/S/wBwuVrDsyjH5t++h7VrBXHwXhX+4TbUauibj0X+P6mNZ7bjLHpeMk+j9fExOM9ukZR0vFryMzjPbcZR0rOReS+JicG4zVWoS73K+8Ynib8q+PUp9zXx/oYnhluOWHRGo+tzlPC3HI6I1exzngt0jlJ0jrN8FruVuMbbfHabtS2n4PZ9hMOCIyiemeXlmcJjv2PU0eZdRaSX928ezT7FLXctvh8Dz8nF/H/67YZ+yunl45mNVn1DqneacUJcL4xELu38d22zvOEzxxh8Iccajly5PjNQvepMxwuk8jnyZzpHEzPI5rzr6R0jilieVK8pqONmeRG8huONmeVKrNaMTyJ1ZrRndOrLom6VUXVndOrNapulTRdZZnKEqS8l8C1LEzHSdY59GfgjVMTGPSdYp9Gfgi0zOOPSbwz5IMTjj0Xqp8v4lpNcekVHrNuNNUfWxVoyhfSQWoMpX1sUoyn63C0dL1L4sK1S/V8ChlL818EFPM/5n+AWP/Tqn6V+4lLf1Vm//Z+1/wBRq1GR5t+S95KajJRZPNR8EyatbLY823c5XsSMzi1GS85/N/gZnB0jNadTt4mJ4objkJ0hqd8GRb/u7rz5LtT+KRI4oibTPkmcJep0drb/ALHbSW1cHb3Sa7O7bvPNycOPli3p4+TKeO3jabW09Rqf2m4XVJLwVce3Y9Hiinlx5spzy9vsdNar1/gWOJqeRN6g142ZzJWdl0hmciPMXRN03m9Y1Z2Teb1jRNiVlLqmydZS6puR5C6puR5Rqm5HkGqbkeQtM7kdik2K7FJsV0KSy8hSWlyKw3mLLbzFrbVZbLbzFlmVlW28wWZWVbMrBZlf1uFsysUtmWQtFtlpeC+CRKW1FkFLsdZvWKa2Os/rJSxkbr15kprZWNQurp7W2l2cV+z72cs8qyiPY7Y1pM+15/Ruo7Lrxu3T9pvGLh5uPL3ut6k1q3uR6kurO5XqGNU3I8wpNiPKKZ2K8paTYryELK8gSyuwWV2EsrshbHQSy8gWzkRLZuBm4RMyjSgA3co3cK1UUtvItlt5C1byLZbVQstvMLbeZbLarC2brAWOsBbes+twttWR+ZF2WrW55xOJvjD7OKmU9vU1O/4nmz48Zy2r2vRHLyxx1jl7HDpsr3e/b6zrxvLGUujrDqts6wFs6wJbHYLZzCWzkQtnIDORLS2cgM5ELZyCWzkC2bkLZuAbgZuRCGUaAbltWiwblsbuLBuLG7lsG4G7i1G5bG8hY3kLByLat5CyxyFjVQtbUWfaK2/hP5nLOLl2jkrCYhzYn3msHntXkbtWchZY5Cy2ciWls5CyxyFls3JYzcWDcIzcWDcljNxYNxYNyWM3Fg3IjCKAAAACo3cKAAWDctjdxYNy2DcWN3ANxYNy2N3Fq3kLGu+zu/AzLe3s9xExDFt3NWM3FoNyWDcWM3ANxYNxYzclg3Fg3JYNwM3AAgIAKNwMIAAAAADSgAAAAKADQAWAAANyjdxYzchYKAA3FgACWAAAwAIAAAAAAIMABYAMIgAArQAAACgAAADQAoAAAAAAAAAAAAAAWAAIMAAAAAAAgAAIwAACAKAAAAAAAAADQAAACqAAIAoA3cKNwgAwAAAAgAAAAAjAAAAAAAAAMIAAAAAAA0AAAAoAAAAAAAANwN3AAo3AAADAgAAAAIAAAAMAAAAAAP/Z');
-- user1
INSERT INTO user (user_id, email, password, nickname, last_login, avatar_b64) VALUES (2, 'michal.mroz@gmail.com', MD5('michal2'), 'michal2', '2021-05-06 22:55:07', ' /9j/4AAQSkZJRgABAQEASABIAAD/2wBDAAYEBQYFBAYGBQYHBwYIChAKCgkJChQODwwQFxQYGBcUFhYaHSUfGhsjHBYWICwgIyYnKSopGR8tMC0oMCUoKSj/wgALCAKAAoABAREA/8QAHAABAAEFAQEAAAAAAAAAAAAAAAcDBAUGCAEC/9oACAEBAAAAAZUAAAAAAAAAAAAAAAAAAAAAAAAAAAAAAAAAAAAAAAAAAAAAAAAAAAAAAAAAAAAAAAAAAAAAAAAAAAAAAAAAAAAAAAAAAAAAAAAAAAAAAAAAAAAAAAAAAAAAAAAAAAAAAAAAAAAAAAAAAAAAAAAAAAAAAAAAAAAAAAAAAAAAAAAAAAAAAAAAAAAAAAAAAAAAAAAAAAAAAAAAAAAAAAAAAAAAAAAAAAAAAAAAAAAAAAAAAAAAAAAAAAAAAAAAAAAAAAAAAADx6AAAAAAAAAAAD41jVddw2OoK+RzOxbVs/wBgAAAAAAAAADERzomO89Vrhb0XnuR3uR8sAAAAAAAAADHRVoFL72fb9mzl968scHrOoax8Vd/lbIAAAAAAAAAEfxFZXUiyLlgAYmOY7tb2Xt/AAAAAAAABShyPvZBlfIAADHxTHvkhTFVAAAAAAAALeDNQv5q3EBicP7l8sA06FbDb5zuAAAAAAAAKUE6hnJ2zAPNAjPBePc7Ju/egxEEYPb52qgAAAAAAAhePc5PuRBRhLSAG8TZWBj4BwchTQAAAAAAAEfwtf9CZYCEdDAG+TcBiee7Cat/AAAAAAAMdznaTtuQGlwSACdt0A06CLvo3IAAAAAAAIZjuRJmAQFqQANtn0BDMdyLMoAAAAAAGI5xq9IZACjzBSABV6frAWHN1Lo7LgAAAAAAiKMpOlwBiObAAHSeXARHGMmy6AAAAAAHxzTY9I5YBjOaAAHS+TAYnm6+6W+wAAAAABq/Pu09AgHzzFaAAu+nfoA5+1boLaAAAAAABFcUyxKQAhPQQAb9NgAi6JpWlQAAAAAAQTpk+7YAMHzvRAFbojOADU4C3OdgAAAAABzhhemr8AI4h3wB7MUjgBYcy5ro8AAAAAAcv0+o/QAR3ENuC4l6RAAecuVOoAAAAAADzlm86bAAYuNtPw7MbhJOUAAcyWfU3oAAAAADzlm86bABTwWwgNeztQAHMln1N6AAAAAAcv0+o/QCjHMa4zYd72bJsZrGi69k5KkasAecuVOoAAAAAABzhhemr8Bq8L4UPfHvgZqaNoAWHMua6PAAAAAAEE6ZPu2AR3D1IAAVZhkQDU4C3OdgAAAAABFcUyzKII3h7wAAHswyQCLomlaVAAAAAABq3P21dABpkGUwAAFSdNyDn/VegtoAAAAAAHxzTY9I5YsOdccAAAMj0XfGJ5uvulvsAAAAAAIijKUJaIcjgAAAEjzGRLF8my6AAAAAADEc41ukL/G820QAAAVukslYc30ejsuAAAAAABDMdyJM0XxKAAAAlqUIZjuRJmAAAAAAAY/nK0niK9ZAAAAbNKkD3fRmRAAAAAAANAhW/tKQAAACrd2E0yAAAAAAAAEMR4AAAACQpoAAAAAAABSgnUAAAABt87VQAAAAAAALeDNQAAAAbfOdwAAAAAAAAUodjwAAAEhTHVAAAAAAAABoEQ2QAAC9l2QAAAAAAAAADHxVH9IAAVZAlTIgAAAAAAAAAxMcaHj/AB7kN8kfLAAAAAAAAAAD41nVddwuOoK+RzWw7Xs32AAAAAAAAAAADx6AAAAAAAAAAAAAAAAAAAAAAAAAAAAAAAAAAAAAAAAAAAAAAAAAAAAAAAAAAAAAAAAAAAAAAAAAAAAAAAAAAAAAAAAAAAAAAAAAAAAAAAAAAAAAAAAAAAAAAAAAAAAAAAAAAAAAAAAAAAAAAAAAAAAAAAAAAAAAAAAAAAAAAAAAAAAAAAAAAAAAAAAAAAAAAAAAAAAAAAAAAAAAAAAAAAAAAAAAAAAAAAAAAAAAAAAAAAAAAAAAAAAAAAAAAAAAAAAAAAH//xAAqEAABAwMDBAMAAgMBAAAAAAAEAgMFAAEGFDBQERITIBAxQCEiMmCgNP/aAAgBAQABBQL/AKYVKsmxM6APT+V09kcg5Tkoc5Sn3V11vXW9JfdRTcoc3TOSSDdD5XQs6ARSVWVb/QDZAYKxuUOKoowgq/oltaqsITeriE2pTa0+ophAtwcpcTQUgMbbnDDGA25LJHnqUq61Va3W4kGcTQ+KJpiAj2qbDGa9XAxnafgI92iMUTRcGcNV7dL0lV0KjckeZoMxgxvmZjIGxqJIdKdphlx9yPxdaqDjxQ7bhkeKZY/F1pp9lxhyhiHRXYfIWyeXcWlpE5PKJ+LVFY46/QgjAbf4CxGDG5XHHWKv8Qc8oWm1pcRyb7qGGpuYckF0IK6W9DQjINth+RDYurIY21IyGNvTEiG/szMIydYsV0R6oSYcj1suofa5FxaWkTssqQdqMj3pB+OAZAY95PI2B6MlCy7+gcoWJeLyNgjYkQGT2JSPej36gpZUe62tLiOQyaW1LlRce7IkgiNBD+zriWW5uccNVsQk44EppxLzfscI0aPKR7seTWMy2lc4/KZPTM0GM4WRGAtgDe+Syuse2saldG97yQLZ4xgzghFYtJ6lnjTykBiFPrKIrHYzQi++UH6QHcxc7Vg++RxeuFoV9YpABSDBOMy4/wAxVYpHecjYyUnUSu5jJWmldjK47TkViR/hK4uULsECpV1qHaU+8CMgMX3dX42lqutW4hV0LZX5Gvc4ZBgpDSmHkquhUWXY0HisyL7nqw0Puc2Je/bF70Rfui9jMg+1ysML7XuJVeyUnkXKMtbreLF0YGxJp743ejE9kbsSousAvbpcAi4pib2UniMlI08RWODamW2VW62KauwRuCtXfITbpbZyMbTS1Y0RqIjiM2e+MKZ6J2suF8R+5iIvlO2s1Y/pWEvcTlrvfMVjDXihtqYBseCtCm17SEKcXDg2AB2snZ8sNWJOdkzxEyvyStAo8QW3k8R59vGYjwbh6PKFUMvxyvEEq7yGk9zm7OQFiKdaWyv2aaW8uDgLD7zqe1wZXYRw9/pX+QP/ALd40Ac5BuLOJp+KOYpSFJpKFKpiKOfoPFnL0EAOEjeO/g233b64a/1f7B/g3cUqyEpmAFP7CpgBL6VWWncO/k233b64clPYQ0rtc2nXENIkcnQmjDiDFUBLlhULlTd6ZnY5ykyAaqVIBps7OxzdE5U3aj5cw34DOIDVHZOhVNOIdRtOq7nBk95HETKPHK0CvyhbEvMMR9pCQIOc3o+QIBXEzDEhbYPX4gqhkeSV4jLW+yZrGHvLDe8/O2HparrV+BCroVAzuo2Mnd8UNWJNd8xxGbM/GFP/ANPbJJrw/lxua83vmr3RFYSzxOSj6iIrHCdNLeuRSmgHvfrf8lr9L47Ka8f1yMnUy1Y0Pp4jiFWspJ49xTLX6XiytYB8mEoEGNJWYT+YIlYZIZKCxvmUK0YF79bgD3KMTayU8TmYna9WGmdrnzlx/lI/RiB/iI+cyM7nKwwTue4qUEsaCpN0KHdUO+CSgsWpAmwYbi1OOfobWptyPJsYFRxKBBSHVEPpTdaosSwQPF5cB4SqxOR8BFZoT0R+rCyuqKyuR879YiB5iuMPFQYIUwsYj6rHZPXi5C/55b9WPP8Aglsik9CN90KwskgAVAYvG5TGalmgiXAyFqutX6kKuhRpLhhFYvGaZnj8midM5+7GYnUucg4hLiJ6JVHu/sgolUg62hLSOReaQ+1Nw7kev9UJELkFsNIYa5NxCXETkCob9MJAqJptCW0ctMY+2VRI7orv5Bh3SnYfH2xeaMDYMbk8beZpSVIV+BKVLVG4289QYbAbfOGx4xtjsWcTRQZAt9wUMgq4WLuKoKPGCt/oCk2VYqCAIojFKexuQbpyLObpTDqK6XrpeksOrpuLOcpnG5BymMUoWCAHpKbJt/0w/wD/xABAEAACAQECCgYIBAUFAQAAAAABAgMABBEQEiEiMDFBUVJxIyQyQlBhEyBAcoGRobEUYmPBMzRzktFTYIKg4ZP/2gAIAQEABj8C/wCzDexAG81lm9Id0eWur2f4uazXSP3V/wA1nWqb4NdWdK55tWutdZsrjk1Ztqm+LX1nOknvLXWLP8UNZJvRndJkq9SCPL/YPWJQp4dtEWOPEHE+U1faJXfmfVzVY8hWSzy/2Gstnl/sNZysOY9W+zyunI0BbI8ccSZDXV5Qx4dvjuPaJAo+9FLGPQpxd6izEljtODJV4hxF3yZK6zaCfJBX8DHP5zfXRwRJyQer0kETc0FfwcQ/kN1dWtBHk4q8w46748tZcAZSQw2iglsHpk4u9WPZ5Aw+3jRisl0k2/YtGSdy77zgCQozvuFBra+KOBNfzrq8KqeLb89L1iFWPFt+dFrE+OOB9fzopMjI+44BJA5R94oRWu6ObfsbxcvIQqjKSaMNkJSHa21sIktd8UfD3j/isSzxhB9/YcS0Rhx9qMlkvlj4e8P84RDayXh2NtWg8ZDKcoI8UaSVsVF1k1iJm2cal388AigTGY0HkultHFu5aHpbTEp3Y1fxyeSGv45HNDV0VpiY7r9CZEujtHFv50Yp0xWGDEbOs51ru5UskTYyNqPiTO5xVXKTWKmSzrqG/wA8GJEM0dptgr0cI5ttOgKWUemk390V00xxeEZB6vQzHF4TlFBLUPQyb+6dB6OYcm2isSUZvdbYcGK+WztrG7zpXjIZWygjxE2aA9CpzjxHAI48i95twoRQC5R9fXZ5CFRcpJoxQEpZ/q3PQiKe97N9V5UskbBkbUR65inF6n6UY5Mq91t4wCzTnoWOaeE+IfhoT00gy/lGBIYRe7UIo/8Ak286D0ELdXQ/3HR+gmbq7n+06AxSf8W3GnhmFzrg/DTHpo9X5h4dJPJqUat9PNKb3c34MeQdYk7Xl5aD0aHpZcg8ht0vo3PSxZD5jZoMeMdYj7Pn5YEmiNzob6jnj1MPl4aLMhzIu172D8TKOjj7Pm2hlu7MeYNLFwyZh0P4mIdHJ2vJsBsshzJez73hks+0DN50WY3k5TSRR9pzcKjgj1KPnoHc90X0WOs5dKGGsG+kcd4X6CSCTUw+VPFJ2kNxoMpuIyiopxrIy8/C47KpyLntzwPa3GRc1Oe3Q2sj/Sb7aeyH9JftoUtaDI2a/PZgksrHI2cvPwok6hlqaY99r6uFQw7VGXnobUu+Jvtp7Ku6JftoZodrDJzq41DMO419ArqPhM13afMHxwQg9lM8/DREHbUsR1oxXSxRDW7BaAGzRTAdl88fHBDf2kzD8PCbPCPNzgtE/JBoxOOzN9xpTOezD99HZ5+aHBaYeTjwl14FC/vgg3ve+jeLv61PnTI4IYZCNGqICWOQCki7+tz56Ofelz4EXjUr+/hNrb9QjBBHwoB9NIbVZl6QdtRt0YtVpXpD2FOzSTpxIR9MFlb9QDwmVt7E0i7zdpjPY7ll2psaikqlXGw+uEiUs52ChPbLml2JsXTMu43VE25gfCTVn/qL99PdaIw247RV9klDDhfIa6SzScwL/tWcpFZqk10dmk5kXfer7XKFHCmU1dZ4wu87Tp7R/Ub70PCTVn/qL99KWYgAbTXoRaUxvp89D6I2lMb6fOgykEHaNLaP6jfeh4TKu5iKVtxv0ZeRgqDWTRSxLjnjbVV9olZ/LZgAilJTgbKKutUDDzTLX8wF94XVktUH/wBBWW1wf3iv5gN7ovrq0DN5vkoiWUhOBcgwX2eVk8tlBLamIeNdVB42DKdRGjZt5vqJd7AeE2tf1CcEEnEgP00OL25tiD96vnfJsUahp8aB8m1TqNYvYn2of20M8nChP0wWRf1AfCXbjUN+2CDel6aBrPYzfL3n4aLOSWOsn2EMhIYaiKFnthul7r8Wgn3vcmBG4FLft4TZpuaHBaIOTj1zZbK3Sd9h3fZRZbW3SdxuL17PBvvc4LTNyQeEzXdpM8fDBCT2XzD8fWxIj1iTV5DfV51+y3jXWJKesJr/ADDf6013ZTMHwwQ39p88/Hwkg6jU0J7jXVeKhm2sMvP1Hml7KinmlOc309nSaLtL9aSaLssPUmm2qMnOrzUMI77XUAMgHhUdqUZGzW54HsjnI2cnPb6gskZzI8rc/aTZJDmSZV5+olkQ5Fzm/bBJamGRcxefhcsB1kZOdFWFxGQ0kseRkN4qOaPUw+WCWdu6PrTO5vZjeT7SrobmU3g1FOvfH1wSTyalHzp5ZMrObzQVReTkFRQbQM7n4YLUgzJe172D8LKejk7Pk2CGzDbnt7XNZm2Z64PwsR6OPtebYPxTjMi7PveGyQSamHyp4ZRc6G7BiyHrEfa8/OpzsU4g+HtcB2McQ/GsWM9PJ2fLzwJDEL3c3VHBHqUfPw78TCOmjGX8wwLNCbmWix1nL7WGGsZaaaY3s2D8TMOmkGT8o8QNpgHQt2hwn28WmcdCpzRxHxFkkAZWFxBrGTLZ21Hd5e24z5LOvaO/yoJGAqrkAHiTRyrjI2sVjrnWc6m3c/a8d82zjW2/lSxxLiouoDxQpIoZTrBozWQF4dq7V9pE1rBSHYu1qCRgKo1AeLmWy3RzbtjUY50KONh9lEcCF3OwUJbXdJNu2L41iWiMOPtRex9MnD3v/aIYEMNh9hAUEsdgoPbOhTh73/lYlnjCj7+O9YiDHi20TY5MccL5DV1oidOY0t1nid+Qq+2SYg4UymurxBTxbf8AYNzC8Vlh9G2+PJXV7R8HFZqJJ7rf5rOsk3wW+s6JxzWtVaqzYnPJazbJN8VurORI/eb/ABXWLR8EFZIcdt8mWrlFw8v+zF//xAAsEAABAgMGBQUBAQEAAAAAAAABABEhMUEQMFFhofBQcYGR0SBAscHh8WCg/9oACAEBAAE/If8AoXcYpxj/AIknFcyME/AOCfOSp7XQLRi/Jafi/Ba9YUTTLugKRd1r1gWn4vyTEwZf0yo7XQpkAcE+ckLmmRJx/gX7QoRPomxdkCS5DLAHISHp1nUqaHZgpIdmC1nUenkMsA8xIpgXZAkn7WhQDpx3CeePIKp+DFTeEeGjkjk9bCAAOTIJiK3VpoQPyB6lakC/hCO3T6QAAhaQ4ihHf59LVoXRJGB+YPUJ2KFuiaIQAxExYeGjgjEdU/BgpPKxnmK8wpxqGxQO85Rwsqbaw+cUXK7gcdSdNEOfVenXIhu0u0GHRIh5xRY2DCypt1GYoDebi47JuTABUejI8YsAksJp7s2gxx60+YzPsTinrz5DMLG60AEFjOyjcZnnCH5NycEcUCGAegRm4dmZ7BvXbDMmizVgEOV93La5wD2CKw2TREWOyaI66EoJ7G5ydUEOV9o3rtjmDWwTdO81BxgHBxIdcJzIBPPJ/PYrIb0QsndELRdabn6yQA5gjowEI9SqPg5/zR6R4Mf80ooEJj/ggQQ4j6zaLpTcQorxSZNjzyfz2BD4lMARxHC3xuYWQAyLcFVBoNSxPrFHChAKUobS8LK5MpJNPwskOkDyRHroTQaliFGTI07LGXxuY8Qk5iI2ubH0g7DEoH7mdTGuDkrgR3uWF2cNMie9yxuBWsZ1MYJ9IO4xFk/IIzthw6ohhiUCjyAeEASQBNDlMd1NPK4kCdxqi9miZe6i4BKY+TVCCCQZqHIB4WIghiqOG/YNPxY7RvAdkLlvF9fPW9YRP38tblsjeAbI2fUBP1wwyGggNSkjWi3DMmqH44glTIz4qm4FIRT6BHPc5I53px2GA5hAkIY9RcUyM+KhQ/GMEjWi3BMGiaYghFAnwuU49RLSz7WGTdrmqz7F+UtsC5+lhk3ayQQ9JPThRR2E44BTEyAMqDsiCA5MghBW1tE63JxEwNV+chMDRcg8LaI1RDAYiYUxMBDKo7IqTicHEcJcZSfmaPY0hy/W1a6DLQMVMbB0N7IbB1KDLQMLppDE+5q9jjL+M0bhO7CgsfSp+Qbs4nCj2jenG4UOeAu3gRI/IFk52GPCdmcPKzmgOphpdwkgOWFGAu4mCJ3ZgLsJkmShJJQlTu+QA6GOlmDGneHCcEG3QtZ/MnvBQdhZDiM7s4MwshxOd5VOxmEWuLcJ2BhWVnqQAAAFL0uIXGVyMCoV3CNiPXCu4BuSi4ocZ3MxN6WIYyWZ3qWwMPCJiJyZoHFj8C/enBk8gosd7gZIyYPJ+6EmLZghEmJZB0ZEHk/dDY3sBkntg5vMN+DLD5ChNmpHB5ihFmidYfAvZ8NiMAhAtj2BAvaQ80A0rSWRANGuLQo0NgRwet6TrH5CjFmpHCNiYVkd6kGIcSugutctgE0nyPoFVkTxGDkJWMSHb06JkIcVnYoDA7AyBHP2YpyC7sVOTsDI+gxjs7BODnb162Zk8Bi5iSaS5n1Ciiu/LcG6JABJoszvUtiYeE4IaovYP9b7kRlHEVLmoo6gmm5Yv4bRmu54QmBaER8q3P8AFvsYIaIvwnBjTvCzmAOhhpcMoS6GQZovFHIck+xLxRyGIKG2ZdDKcDcQ5QOpjpZgZp3lwmEHYcWPEmR+AfXyNdEGfteRiXQc/W2NXwBZCLsOeEsMP6zR7HgMT6mvqHJ1vNEY5SSLkmvtTDKQBcEUQ5Odxr6ngTk+5rYxwbwzRuEjTcTEZKoGAcqaIgiMREIUP7GEDr6DfM+zJoOqfqHdqBQD2572K7UCoKN877kcPQKE9zKA1RDEcmJVAMI5V0Q02TAYDhUgh6aWlm0ggej5wR/PuSaID+/R9pB0WSDHqp6cLaYijNAkjWi2DMGqPIyqqp5sVRZjWYGNA7ooAgZUmfuSgAAlCJKlIkjCod3sqo5sVAjyOqjWi2BMmiEhoohUp8M+iKfqx0iWI7I2O7n6QgPduKn70DY2xLENkLHD5U/HDcBDHFQqPoB5QJIEFigyMAZNPJb+oHu9/UBAlybJQkkSS5UPQDyqDGJxVPDpuYCNsLHbC6EYFTjUlz92U2KA5p2wugGAsl5gJ2ueIT9+BuY+/wAbfG5hxGfxIAITDyfz2L3rXif4ZDulIABxIcYBiIzdO8X3YfcOzMqBDANQcUD4NgHBCLzozPKPc1+jI8YQfJsEwA4uceqJ3mW8PBn7XeHgyRxpojec8awnjjyGiLEHFSIYOjEDEdPYmDowA5PRPwOCmTGeePMa8dbtChAOqYF2QZLmMsA8jK95jLAHMyTYLsgyTdqQon1/wJOIWYIcFORCSp8ZIM9rqE5MWX4LV4X4I93sCIpl2QNIuyPd7CtXhfkmJqy/JDntdSmIhxj4yQOIGQBgP8SwwTAUH/Qx/9oACAEBAAAAEP8A/wD/AP8A/wD/AP8A/wD/AP8A/wD/AP8A/wD/AP8A/wD/AP8A/wD/AP8A/wD/AP8A/wD/AP8A/wD/AP8A/wD/AP8A/wD/AP8A/wD/AP8A/wD/AP8A/wD/AP8A/wD/AP8A/wD/AP8A/wD/AP8A/wD/AP8A/wD/AP8A/wD/AP8A/wD/AP8A/wD/AP8A/wD/AP8A/wD/AP8A/wD/AP8A/wD/AP8A/wD/AP8A/wD/AP8A/wD/AP8A/wD/AP8A/wD/AP8A/wD/AP8A/wD/AP8A/wD/AP8A/wD/AP8A/wD/AP8A/wD/AP8A/wD/AP8A/wD/AP8A/wD/AP8A/wD/AP8A/wD/AP8A/wD/AP8A/wD/AP8A/wD/AP8A/wD/AP8A/wD/AP8A/wD/AP8A/wD/AP8A/wD/AP8A/wD/AP8A/wD/AP8A/wD/AP8A/wD/AP8A/wD/AP8A/wD/AP8A/wD/AP8A/wD/AP8A/wD/AP8A/wD/AP8A/wD/AP8A/wD/AP8A/wD/AP8A/wD/AH//AP8A/wD/AP8A/wD/AP8Av+3/AP8A/wD/AP8A/wD/AP8APbx//wD/AP8A/wD/AP8A/ofhX/8A/wD/AP8A/wD/AP8AP/3v/wD/AP8A/wD/AP8A3v8A/wAz/wD/AP8A/wD/AP8Au/0/3f8A/wD/AP8A/wD/AC/5h+b/AP8A/wD/AP8A/wDf3/Pz/wD/AP8A/wD/AP8Av9/7+X//AP8A/wD/AP8A/wD/AP8A/b//AP8A/wD/AP8Af/8A/wD+v/8A/wD/AP8A/P8AP/z+P/8A/wD/AP8A+/8Af/8A/wDf/wD/AP8A/wD0/wB//v8Ar/8A/wD/AP8A9f8Af/7/AK//AP8A/wD/AP8A/wD/AP8A/wC//wD/AP8A/wD/AP8An/n/AP8A/wD/AP8A/wDv/wD/AP8A/wD3/wD/AP8A/wD/AP8A/wD/AP8A/wD/AP8A/wD/AOn/APWP/wC//wD/AP8A/wD9/wD2b/8Av/8A/wD/AP8A/wD/AKIH/wD/AP8A/wD/AP8A7/8Af/7/APf/AP8A/wD/AP8A/f8A/wC//wD/AP8A/wD/AP3/AP8A/wD/AL//AP8A/wD/AP37/wD/AM+v/wD/AP8A/wD99/8A/wDnv/8A/wD/AP8A++//AP8A/wDf/wD/AP8A/wD8X/8A/wD+P/8A/wD/AP8A/wDf/wD/AP8A/wD/AP8A/wD/APyf/wD/APt//wD/AP8A/wD+3/8A/wD7f/8A/wD/AP8A/wB//wD/AP8A/wD/AP8A/wD/AP8Af/8A/wD8/wD/AP8A/wD/AP8Av/8A/wD9/wD/AP8A/wD/AP8A7/8A/wD7/wD/AP8A/wD/AP8A/wD/AP8A/wD/AP8A/wD/AP8A/wD5/wD/AL//AP8A/wD/AP8A/wD+f/5//wD/AP8A/wD/AP8A/wCH6f8A/wD/AP8A/wD/AP8A/wD+/wD/AP8A/wD/AP8A/wD/AP8A/wD/AP8A/wD/AP8A/wD/AP8A/wD/AP8A/wD/AP8A/wD/AP8A/wD/AP8A/wD/AP8A/wD/AP8A/wD/AP8A/wD/AP8A/wD/AP8A/wD/AP8A/wD/AP8A/wD/AP8A/wD/AP8A/wD/AP8A/wD/AP8A/wD/AP8A/wD/AP8A/wD/AP8A/wD/AP8A/wD/AP8A/wD/AP8A/wD/AP8A/wD/AP8A/wD/AP8A/wD/AP8A/wD/AP8A/wD/AP8A/wD/AP8A/wD/AP8A/wD/AP8A/wD/AP8A/wD/AP8A/wD/AP8A/wD/AP8A/wD/AP8A/wD/AP8A/wD/AP8A/wD/AP8A/wD/AP8A/wD/AP8A/wD/AP8A/wD/AP8A/wD/AP8A/wD/AP8A/wD/AP8A/wD/AP8A/wD/AP8A/wD/AP8A/wD/AP8A/wD/AP8A/wD/AP8A/wD/AP8A/wD/AP8A/wD/AP8A/wD/AP8A/wD/AP8A/wD/AP8A/wD/AP8A/wD/AP8A/8QALBABAAECAwcEAwADAQAAAAAAAREAITFBYRAwUFFxgaGRscHwIEDRYOHxoP/aAAgBAQABPxD/ANCs7ErIOrQ9gukmyf8ABybDJAHNVAqIQkLfi86KXQfS+ang1y91QAjxyR6QpCW/vytLSt5qpaRvMVIS39+EoADhkj0lUAPZA81BJo/pfNSWkib9vWgXLIiHMRT/AAGRaEo7Uy0/ZlEPVDZ5qZ9GRb0mPxPqqHIaBkrRvagMlal70+qocw/GZ9WVZ1maE7vZh6q7vFQY0mw+rvx1/ktbtyK6prCBIPw1Smhcjmq67GzOACVdAo9D3kj6r/ShSIumH30ocVf8vSeFACEzZ8UgAAyCxUdajrQQCTMb0gJXNjzSTR/eRfCkSBuEH30oK48pH0R402ZyIQjqOwKaFyOYLjT+ECQPhqdFsKzOTXXGl1T0uWqxKT4IyAwBkGzBaK/rMYGtAi4zF0MA80NIHCu6SO9GIHAIXSBrLfEU6Vhd4rFaK/rE4muzApPijMTAOY0m+Ilw3z4u414gLNWl3vb/AOxsRYKkAKkEKAkfHQDmmMpza5+jepaRhHMrlMqkyZJ9re7SlYIFEdiVoq5BSO34pLMTii8evQD+6UxE6w0y2V6NUFhzwAObQ5Yy/wBNtwkpgYYwH1kaiKXP5VRCJz+BUHkia+k1JuCRfcj6RY4aqvRqhuOWADzNjOzvEVn/ACovPX7J/dOJOTqqAiVVpezGU7JOEiD9U83lSCGoT9cjwfm6UASqxakBJLEui/bQ6MF1IonbNLoyXViiwKwxLq376NKBBEZt+doGFPfZj7UuJNTpzRyeZsPkxnNSDUrwlcSOIr0jzHZEFYsTzTzXIoZpJW+fbNfzW6VSBUKysp9RuQ8nIfWKAQGuSr8zO3gwZVskokLkgnNHJMzY/QPNeIStOBfdfbYWOcGQV1sgKzATCM0txgXFgTxxXG7YcwYFcMVluGV3QTCgosc4cxrjZibFx+L7j82Hpw6LORIBwR1WpRgvkchyAsUbKpAC6tW1BZjH+XcEa76GPpTvvVO76ufqHbcXF1wY4vymtGygURsjUIwXyea5iWafu0VRTxNR4azOvMMG/j52T6pwFv5fzuXmV7Xr+e9SB2uev47m2ssBb+XvnY8QuMsr+fY4ZMTdgVsach25IZTqtdXvpLF9KIWzUIcRdV3EfHbZGk9czJMu90NQMklQ8dpgdwdt6Iy4g6jeur30hi2lGQ7YgMo1GowJsGtj68LfAHMY2D2l67Bm3EuRY1IHfco6gR9y3+OWzvQNzbtwLkXNWR22Pg/tMLB7w9OFHnaXgBKugVJEKzKcdiFNQWAXVwAovgBZnefU7m+OKNd/EtCo1NzJ8JC3K8+gpqC0SyOCNSRIsznHclRnSj4ICJonCbFgdXZ4diLtTpXerdQciwnMSGpaSWOaG9lpYY5gUGAELkBBurVfdO70bJJkB8Ty8JWOmfb5thj4XbofObuNDNRgAeCN6bFkyzF8E7spAXZyT43ZY0Ke/wAXCYOZC/Jsm1AbuP2Dd27VL6Ts4PWmJLPhSA6juyJLPlSAarXv6Ap2MDpu5uAt2P7jsu1EL6QcItRYr2Iw9thnAW7UJ3i1JY1zyszu36WbXfKye8F8BH6qDZLbEl0me9HB35plcVu7a/7aQKtAAgN7z7RZc6Ds1lKuj+bs1lKuhUXio0rnk3qUhKIa/wCVkimFxG7Fo+eDuFzBpEMVPmjZwB60HzvihFQPRlysiSrZoG7xRgM4q84Uj5BOea0GW68UYLeCvGFY6tt80XZ5puVQT1Rd3z80YOBPShomII9aUo4wcHChmjRVMRe9Gjgz0oPneBzaTic1YApGdLTZvIj76ASMmyKAQBNaAQANKjYAlYKNuV5qeRJf3o+XQsXMFk3j80YODPWgomKI9aEBocHfmnRxS7Mr/lZBphSUSbqJuAJNVpvA3C+6+FYjTMB0WBUtB2dT0AG9B+A+KncPeuqh3PUiu120o0nr+KG8pTfwRRGT8PkPegcQG4aIXolrEaZkOqyqdwJwPuvlRFmgI9E3VoAErX/ayTTg4hdyUfPB2osIhujH32GpGW6gu5WkloN5HIVLtJKd+CXiQU0A+Ugbfm5Dci0hDdUjZNhMt0J+1HCLNRK+kmzF1Fu5/cNwoLZxmL1KpMU0SZVW6v6ITFNAmREuJSzVhEHgPd3EJQdYx+y7JOJV+DhP0pnb5thSAm3knxn5tb7F64zbKqqqsr+mKIjCU1+kH7i16b+/8zQwizkHzuyDrM7/ABcJSdAO8ny7F3tpcIs9n8gQVHNlPxouxSUqbqri/qjsUlCi4iYNOCRrugH21dfyCP2hwiz3dip4HzPDwkL9p2ChEqRpXzOcrvCmMLELIjI0EVFCaJ9D+F9eUmMEOqtU04ewNEH6/XyqC2iSrY8pMuEvUbfg10NC6J9VMYWo3VWVqRoTzKcrtKhPhHwAgDhT476HC43rL02BHmLGQsdvb8GlhbGHL7Pf9mNS7JhHc7Pb8JHHBzOXO3vsfFME43GdIevC4QLsGvn605DtiAwHUannoNRmHRwaZq3vE4C6jJsjiR3Z1u8isZe8ipT1f2cZe8ipR0ajjAHwwu0NhlIfzsAdVip56DVZg0MCjIduSGAarUxM2BXz4Ytw+IZX8fOy3MVZZvj3RshblwPozP7bXgKTlY+sbCnBqy2F6bL3pYlnfx8cNPm4BBTwNRqdOI5MYBzEuU5IERLI1nOcuj3cNVRSjKjCP7T+2zqEqcI/tFWn2Q45rpySKq3VqNOI5E4pyAu0LMgggrddV4c8DUB3H3cWzBPoN1YlmNKNLTzTL+3EcaeQZKxR6BYWBZBscrNB3X24gN0j7X9+XoHmPEZOpDhKyNL2Yzn92TZoZCqTMlGAiAOJN56fZP7rROxvEVl/b9s4I1hJnUPHp0A/uvFHWfPJZJVzfz/7X7K3b+//AGKT+6NBWADI4vdnyFDdM/Ssagw4mSOA5J+rhUGHAzVwHNasRNCluNUF0xtmcwuqxZJiD4aTl0OXyVc/RnLocvkC7T2MmIfhoHzWl2M0uuOxPwgnbm9J2cRD0Q3eKmXZgWdJu3sy7MK3rNlL3+zD0V2eakepAO9d/wDASE7AwOSJFXVQXGeifGpDq/pfFMQ1mbxROMAxEesqgjf35CloO6qloe6KoI39+BqMYDgI9YUxJWavFBI1f0vilBUSM83xokewYDkAQH+DxsWbleaFDJCeYGyP/Qt//9k=');
-- user2
INSERT INTO user (user_id, email, password, nickname, last_login, avatar_b64) VALUES (3, 'michal.lechowicz@gmail.com', MD5('michal3'), 'michal3', '2021-05-06 13:35:27', ' iVBORw0KGgoAAAANSUhEUgAAAIAAAACACAYAAADDPmHLAAAABHNCSVQICAgIfAhkiAAAAAlwSFlzAAADdgAAA3YBfdWCzAAAABl0RVh0U29mdHdhcmUAd3d3Lmlua3NjYXBlLm9yZ5vuPBoAABAPSURBVHja7Z0JVFNXGsdbPXU653S6CUFQtHaZ6Uw7HTut1lOdLmLdqrWOIQlhE0Sto23ZEpIgOwEEQWRREGQHrVbrcrStrXUHRNkUl3a0tbWdnlZLRVRAlm/uTYyCZLsv7yXvJS/n/M+B8PLI/f6/d5fv3nfffQBwnyNIIFHMdBEr6wQieauzZ/gtJ2FY3/D5IeAkDAH0e5+zSN4pEEVcEYgVDS6iiGmOEhe7LpyrNHqkm3fchlG+6t/cvGPBWRgOw+cHmyVnT/ktgUR5yEWqeJYHgHvGC9x84g+NXpAKoxek3ZV/GiAgkLkys0HAtQSqGb4f4R35BA8A+40fggzOc/dP6Rlg/CClgptPAjiLzAfBSRgKqAn56rHJwqE8AKw0P2bGKL+k68aNHyh3BMIIr0iC2gA3DeG9LhJlEA8Ai4Ta91R3/9Q+EvP7y807HoajK9xsEFDHEUGwnQfA9lX+sJE+8bVUje+vUX7J+Oomqg0E4oj/PSYJ/iMPgG3Md0e9+1Y6zO/fN3ARq8iaBJGsWyBZ8TceAOuaP5a0vSfRCAlpv0DW6yyNGMcDYB3zn0LV9Q2mzNfVBKQQOKHOobNE+RIPALPm/xmZf5NZ8+/KRaIih0CqeoUHgBnzXa1p/p0+gURJDIGLKPIZHgCae/uow/erdc2/mz0UiMkgEHjKu7gyOuAEACN9EpptYv6dhFEaYfoYDxEVV3gAaEnyxG2xpfl3IPBL0aSDiSAQKRp5ACyp+r1jI9hgvk4jfRKJANBMJIkVhTwAFId77v4re9kEABb6XmSdQlRrsHl4yN523zfxB7aZrxsZEHcKRfIbPABkkzs57DT/dn/APxUP94ggcBEr9/IAmFf1v4Sq/j42A6CZPPJVkzUF80NxTmEmD4CJBR0osFfYbv6dOQOvFYQTR/JbbFtQwrYh32aumK9NEpE3BXjRKQ+A/hU90wat4eOAUGdVM9wjGRq6iFSBPAADq/4HmZzeZX7SiHxZ2WPzYh7iAdBV/T7x+7hqvjZVvBI1BWGkTcEFHgDt1T+Ri1X/4CxhAmGWEEEgUcx1eABQG3qB6+brJBBHENYC8naHBgB1/LzsxXztwtIk4rkCF7FK6bAA0L+okw0dQvJFpQ4JgKt3bIy9ma9NE6cQDgtxmlhV4VAAaFb4+CV32iMAmgyhNIp0WNhnqxVEtsr4ldmr+XcyhMIwwlpAUeMQAOA7d9k4z0//uoEY4nUDtrgD2RZJn/32br5u3QCeASTrECq+s2sA8Lp+XD06BgB4tjCKeFho7fsKrH31f+ko5mtHBCs1dxIT3nB6wS4BQFf/w47Q9lt6nyHuC7gLFc52BwDeq8fRzNfddk6aF8B7E9kdACgQHY4IgHaOQEGcF7ArANi2vl+nJwK0Ytv6wdvTxYV2AwAKwGWmg/zXxatgmjwTFqpzIDY3DworCmDXjiLYt6cEar4ohaYDZfBNdTn8eLwSfmuqgo7TG6Hv600a4Z/xe/hv+Bh8LP4M/iw+Bz4XPic+9zRZpuZ/kX4/Z5GccCm5rMsuAHCVxsyh0+jn30sH77hsWFWQD7t3FkPzwTJoRebpzGRa3Weq4HpDMfxUXQTHPiuAbZvzIHltLnhFZ8JzSwyDgUZA5HcVSRT/4TwAI30SvqZq9pOBaTAzYg0o16yDLR9vgP+iq7PXSkabAkCf2pFO7iuEiso8kKVnw3TZahgbeLc8xAtIRRFXOQ0A3sqFdLXPs4vSYHFSFmzbVgRXm6tsajYpAPr0c00RbNqYB4vUWTDGL5a4L8D01jNMD/1KzTF93NJVELoyA3Z/lAmtR7Pg1slioybU71wNCRFLYOa0KWbr7ekeEBUSANcaywyet7OlEnYVxcPSAAn6jIcBofO9NVDzZk+H4tRQoyDcbCqG346sgdTsZHh5sQqczB8SVnMWgFG+SUYXfMyWp8OWykxoq86C67V39fFaFSiDg/QqbFkAzJkzB2bNmgXjx48nluJ9P2hrLIVvD+RB3fZ0jfDP+L1PCmI1554yZQqlc78X6AXy9wP0anOuakAZL+3PhOUJCTBaKrfpghEmq/8XjXWIElYnDwhIf+UkfqgxwpioAjB58mSD55z37lyLAMCfM3Tu7PgPDZb3g8QE3N4bnipmcPdyJqv/HfqM1y2fLilMMhiQ4lXh4Cv11CuR8N8WATBp0iSTcFEFYPq0qeDjJdSrorRwg+XFsdCmgcP0blYpECtaOAdA/63c8DKpe7NhxgDoaiww2E5vL4y1sAaYBLLlAZCXEgZ7y9XwRUUS5K8MR9V0IMyd+45FAEQs8zHcB2gsNAlAv3sIB4wY8D6EnAJAe5uXbmFErOahDPdSXbA+0WBAOurzGQNgFuoMGjp3TPgSxgDoaCgwWF4ci8GTQiEDmgWmbidjdNrX2N2zYepogwG5eWIdYwAs9p1v8NzF6RHM1QAIakPlxbEwsrkEo9PETKV+fzV16/Q/F8rQkG+N3oDcqMsxaNKODXGUAZgwYQJ8VaU2eO4L+9fBu6gZoAqAYrmvQQBu1OXqLSuOAY6FiTUCuFno4lATEH3NnDGuIjnG4FXRe1Z/EggP2agCEB0aYDLRg/MAUz08KAHweUmsfvMbSgyWE8fAzKxgJycAQOa/QLLturdSBU2706G9ZmBtYCwZtLdCDSFL/eD11yablMebr4Ov6B34vDTe7GzfgY1JECidB295vGHW/5g65Q1IkC00mgTqXzZcVlxmXHaCKWK8uGQK6wFApEpJ051YT0hDYcIi2R0FJyWyLg3cdaqcKA2s09qCVQPKhstKJUaoGVjGegDQF51JpXD3ylUUAm0nK1kFwM2mUnIAGothtFco0BETHFsuAPAAUisdBd66JZc15vcQTgLpdP5QIV3m45g+wIlOIPqiRXQUelZoFGsA6GwuowRASIqaLgCKODMKQF92Bk2Fhj3b19nc/N5zGzVVOan53x+l7erHmsElAIYgHaej4K8uVUH32Y22vfpPlVFq+yWqWLrMx7Ecwqm5APSFJyD10hGAiqpsGy4AqaRU9Z/eX0CX+TiGL3NyPQD64vl0BOHvgXL4vanC+gCgqv9mUwklADw+UNEFwFrOLghBX3440hU6AiFUxFi9Keg6WU6p6o/NTKHL/F+QHuX0olBUgEV0dYRU6SlWM//WaWpV//bN2XR2/Pw5vyoYFeJ+pFq6glJWmcV8u68xn7zqb/lqPZ3mH7SbG0NQYZ5GukZXhnDvzjxmV/1SGPJdqt5AZ8YPJ33G2NW9gahAErquDoFnCORsWM1Ij/8GhSv/2Gd5CMxQOq/+d+xyfwC6RgU6LU9SQ+cZejqGXS3UJnqKy1bTaTxWht1uEIEK9yBSM50BmxkSBZeOlVmU5etoJp/kuYb0YZKabvNrmcj3s2qPIFTAvyC10xk4N3EIxKxJhdbmCsKrvgJuNJJX+bu35sBYaSjd5lut3bf5NnGooD40B0+jJ33CIbMgA26ZaBbwEI9KgufonnXwj4URwMR3t2a7z4qdQlGBCxkKJGTkpQ+ezj1XpVnQcYPI+BJN83CtsRwmL1UyZTxWusNtFYsK/QekQ0wEND4rddBcPja/82SZZlGHoWofv49rBjz1i2sJ3Z3Iv5woZ9L83UhDHQ6A2xA8jvQN0wDo7fx9vRF6zlZphDuCfecMH8sgAA1INn1yiM2fF3A7SXSFzsCm5K6iNT9wtbmSCfMvIbnxj4zRQjAJqZOu4G75iP6lZM8FyOk0vw3pBf6RMYMzhX2WBnesdxhcbqR/6jg5J40u87uRprEl7qx6biAKjMqS4DoLg6GSocUj11uqYHrICjoAWOSQzw08ffr0sPr6+heQJhrTHGX6rskfJAKpFiSkw75Py6H9zHbGdOXkNsgqyofZihST3+f1YDUIozJBGpd1R/Lskj21tbVBxlRTUydEsXrIbgBAhXq4sbFxPVInEjia6o6fgMNHq+HQEfN1+GgNHK05dhbFbiSnAdi8efPQpqamGkc0vr/q6xuIIcA6Ul3bjmI4jLMAoMIHObr5Oh2rO04MAFZNbV0plwGo5M3X6kR9PSUAqmtqv+MsAHz1f1cNDY2UAMDNAJdrgFrefEsBqOEB4AHgAeAB4CIAh2rqzvLmWwbAgSPVXZwDYPSCNDekHZs+PcCbbyEAXx48DM6iiJ9dxZEvcgIAZLw70nm8TRwPAD0AaPYN9Ay/5SKOfoXVACDTxyB9q9skkgeAPgC0k13h3S5e0a+yEgBk+Fiki/33BuYBoBcA7W5hYd0CaeRrrAIAmf0U0g/3bg7NA0A/ANrmILTHTRz5JisAQEb/qX+1zwPAPAC65sBVHOvKBgAKDD0XgAeAOQC0G0grztkUAGTyDGNPBGEzAE1NTXDu3DmN8M9cBEADgWTFCpsAgAx+FOlHrgHQ0tICV69ehd5evAW/9oV/xu/hv3ENACdhaI+LJGqMLQAoM/UwKLYBcP78eejp6QFDL/w3fAyXALB0K3mq5r9tztPA2ATAqVOnoLu7G0y98DH4WC4BgDVCEhlrTQAauQbA5cuXwdwXPpZrADh5ht+0CgDI2NnmPgSSTQB0dnaaDQA+lmsAaGoBL1WcNQCo5RoAzc3NQPrCn+EaAM6esnZGAUCmTiV5DCxbAMDDvP69flMvfCzdQ0NrAKDtC6yQMwnAAS4CgHX9+nWzAcDHcrEJuF0L/M4IAMjQiaRP/2YTAJcuXTIbAHwsVwHQJoeigpgAIJ/LAGC1t7ebNB8fw7U8gJ68wBlaAUBmDkNq5ToAeHzf1tZm0Hz8NyZyANYGwGl+aN8jUvVDdAIwj9R8Ns8FXLx4EVpbW6Gjo0Mj/DN+j4tzAUbmCFLoBGCrPQHArdnAI9R2UxVF/EQLALcnfTp5AGwJQAg5BMIQMGeSyBwAAqmYzwNAHwBoaEexGVAV0QHAxzwAtgVghFcU1WbgR4sAQCYORfqdB8C2AIz0SaQEgJMQjwaCh1kCwESq5vMA0AeA+4I0av0AM5JCpgCI4QGwPQA4lvgR8pSaAbFyvyUAHOUBYAcArtIYajunecqvUQIA/dMHkbp5ANgBwCi/JGrb0gmDYcwC9aNUABhvifk8APQCMHpBKurUUesHjJBE+lMBIIgHgE0AoH6AiNp2tQIvVSkVAHJ4ANgFAOV8gFhxkgoAR3gA2AWAm088tY6gSNZGBAD6Z/cjXSM1fNx7GeAfuxaWqtdpVLppK+zYuYsX0vYdu2DL1k8GqbS8CvILig0qb30RRKflahSRkgPjgyIpJIRC+h4Z99YQEgCeJjUfG19QWAKFG3iRKCc3H9JXZxNJpiZ/VJ2rNMqDBID5JOY/E7QK1iJaeUOtAwDWk1IZ6cRQGgkACSQAzJJl8WZaGQAfRTIhAMrDJADEkQAwftlq3kwrA/CvpdFkAIiVB0kAmEDaB4jOKOANtRIAKzNyyJNB0qgA0lGAL1KTuQA8vyQDAuPWQXY+3xdgDIDMHFAk58C4APOfYYjvGXSRROYZGgX8H0kzIAyQgne/AAAAAElFTkSuQmCC');
-- user3

-- CURRENCY TABLE:

INSERT INTO currency(currency_id, name) VALUES (1, 'USD');

INSERT INTO currency(currency_id, name) VALUES (2, 'EUR');

INSERT INTO currency(currency_id, name) VALUES (3, 'PLN');

-- GENERAL_TYPE TABLE:

INSERT INTO general_type(general_type_id, name) VALUES (1, 'INCOME');

INSERT INTO general_type(general_type_id, name) VALUES (2, 'EXPENSE');

-- ACCOUNT TABLE:

INSERT INTO account(account_id, name, current_balance, storage_type, account_type, currency_id, user_id) VALUES (1, 'Millenium Bank', 2500, 'Bank', 'Personal', 1, 1);

INSERT INTO account(account_id, name, current_balance, storage_type, account_type, currency_id, user_id) VALUES (2, 'MBank', 3000, 'Bank', 'Business', 2, 1);

INSERT INTO account(account_id, name, current_balance, storage_type, account_type, currency_id, user_id) VALUES (3, 'My Wallet', 300, 'Cash', 'Business', 3, 2);

INSERT INTO account(account_id, name, current_balance, storage_type, account_type, currency_id, user_id) VALUES (4, 'My black wallet', 100, 'Cash', 'Personal', 1, 3);

INSERT INTO account(account_id, name, current_balance, storage_type, account_type, currency_id, user_id) VALUES (5, 'Pekao SA', 10000, 'Bank', 'Personal', 3, 3);

INSERT INTO account(account_id, name, current_balance, storage_type, account_type, currency_id, user_id) 
VALUES (6, 'ING', 2490.67, 'Bank', 'Personal', 2, 2);

INSERT INTO account(account_id, name, current_balance, storage_type, account_type, currency_id, user_id) 
VALUES (7, 'Savings in sock', 230.23, 'Cash', 'Personal', 1, 3);

-- TRANSFER TABLE

INSERT INTO transfer(transfer_id, transfer_date, title, amount, recipient_account_id, owner_account_id) VALUES (1, '2021-05-08 13:35:27', 'ATM withdrawal', 200, 5, 4); 

INSERT INTO transfer(transfer_id, transfer_date, title, amount, recipient_account_id, owner_account_id) VALUES (2, '2021-05-08 11:35:27', 'Pay to the bank', 1000, 4, 5);

INSERT INTO transfer(transfer_id, transfer_date, title, amount, recipient_account_id, owner_account_id) VALUES (3, '2021-05-07 17:35:27', 'Send a money', 120, 1, 2);

INSERT INTO transfer(transfer_id, transfer_date, title, amount, recipient_account_id, owner_account_id) VALUES (4, '2021-05-07 17:35:27', 'Send a money for lunch', 345.56, 6, 3);

-- CATEGORY

INSERT INTO category(category_id, name, general_type_id, user_id) VALUES (1, 'food', 2, 1);

INSERT INTO category(category_id, name, general_type_id, user_id) VALUES (2, 'food', 2, 2);

INSERT INTO category(category_id, name, general_type_id, user_id) VALUES (3, 'food', 2, 3);

INSERT INTO category(category_id, name, general_type_id, user_id) VALUES (4, 'salary', 1, 1);

INSERT INTO category(category_id, name, general_type_id, user_id) VALUES (5, 'salary', 1, 2);

INSERT INTO category(category_id, name, general_type_id, user_id) VALUES (6, 'salary', 1, 3);

INSERT INTO category(category_id, name, general_type_id, user_id) VALUES (7, 'education', 2, 1);

INSERT INTO category(category_id, name, general_type_id, user_id) VALUES (8, 'bonuses', 1, 2);

INSERT INTO category(category_id, name, general_type_id, user_id) VALUES (9, 'huge expenses', 2, 3);

-- SUBCATEGORY

INSERT INTO subcategory(subcategory_id, name, general_type_id, category_id) VALUES (1, 'dairy', 2, 1);

INSERT INTO subcategory(subcategory_id, name, general_type_id, category_id) VALUES (2, 'dairy', 2, 2);

INSERT INTO subcategory(subcategory_id, name, general_type_id, category_id) VALUES (3, 'dairy', 2, 3);

INSERT INTO subcategory(subcategory_id, name, general_type_id, category_id) VALUES (4, 'From ObiSoft', 2, 4);

INSERT INTO subcategory(subcategory_id, name, general_type_id, category_id) VALUES (5, 'From Stokrotka', 2, 5);

INSERT INTO subcategory(subcategory_id, name, general_type_id, category_id) VALUES (6, 'From CapGemini', 2, 6);

INSERT INTO subcategory(subcategory_id, name, general_type_id, category_id) VALUES (7, 'studies', 2, 7);

INSERT INTO subcategory(subcategory_id, name, general_type_id, category_id) VALUES (8, 'english lessons', 2, 7);

INSERT INTO subcategory(subcategory_id, name, general_type_id, category_id) VALUES (9, 'regular salary', 1, 4);

INSERT INTO subcategory(subcategory_id, name, general_type_id, category_id) VALUES (10, 'regular salary', 1, 5);

INSERT INTO subcategory(subcategory_id, name, general_type_id, category_id) VALUES (11, 'regular salary', 1, 6);

INSERT INTO subcategory(subcategory_id, name, general_type_id, category_id) VALUES (12, 'overhours', 1, 4);

INSERT INTO subcategory(subcategory_id, name, general_type_id, category_id) VALUES (13, 'overhours', 1, 5);

INSERT INTO subcategory(subcategory_id, name, general_type_id, category_id) VALUES (14, 'overhours', 1, 6);

-- PAYEE

INSERT INTO payee(payee_id, name, general_type_id, user_id) VALUES (1, 'CapGemini', 1, 3);

INSERT INTO payee(payee_id, name, general_type_id, user_id) VALUES (2, 'ObiSoft', 1, 1);

INSERT INTO payee(payee_id, name, general_type_id, user_id) VALUES (3, 'Stokrotka', 1, 2);

INSERT INTO payee(payee_id, name, general_type_id, user_id) VALUES (4, 'A&K hurtmarket', 2, 1);

INSERT INTO payee(payee_id, name, general_type_id, user_id) VALUES (5, 'A&K hurtmarket', 2, 2);

INSERT INTO payee(payee_id, name, general_type_id, user_id) VALUES (6, 'A&K hurtmarket', 2, 3);

INSERT INTO payee(payee_id, name, general_type_id, user_id) VALUES (7, 'zlom Malinie', 2, 3);

-- TRANSACTION

INSERT INTO transaction(transaction_id, transaction_date, title, amount, transaction_type, account_id, payee_id, category_id) VALUES (1, '2021-05-09 12:40:27', 'grosery shop', 85, 'expense', 1, 4, 1);

INSERT INTO transaction(transaction_id, transaction_date, title, amount, transaction_type, account_id, payee_id, category_id) VALUES (2, '2021-05-07 17:40:27', 'bussines shoping', 75, 'expense', 3, 5, 2);

INSERT INTO transaction(transaction_id, transaction_date, title, amount, transaction_type, account_id, payee_id, category_id) VALUES (3, '2021-06-01 08:00:22', 'salary june', 75, 'income', 5, 1, 4);

INSERT INTO transaction(transaction_id, transaction_date, title, amount, transaction_type, account_id, payee_id, category_id) VALUES (4, '2021-05-20 12:33:19', 'buy car', 7500, 'expense', 7, 7, 9);

INSERT INTO transaction(transaction_id, transaction_date, title, amount, transaction_type, account_id, payee_id, category_id) VALUES (5, '2021-05-15 17:59:59', 'buy milk', 2.50, 'expense', 4, 6, 3);

INSERT INTO transaction(transaction_id, transaction_date, title, amount, transaction_type, account_id, payee_id, category_id) VALUES (6, '2021-05-01 07:07:07', 'salary', 2999.99, 'income', 1, 2, 4);

-- END INSERT

-- BEGIN DELETE

DELETE FROM transfer WHERE transfer_id=3;

DELETE FROM transfer WHERE transfer_id=2;

DELETE FROM subcategory WHERE subcategory_id=1;

DELETE FROM subcategory WHERE subcategory_id=3;

-- END DELETE

-- BEGIN UPDATE

UPDATE user SET nickname = 'new nick' WHERE user_id=1;

UPDATE category SET name = 'healthy eating' WHERE category_id=1;

UPDATE transaction SET amount = 24.67 WHERE transaction_id=1;

-- END UPDATE