/*
 Navicat Premium Data Transfer

 Source Server         : lab 1
 Source Server Type    : MySQL
 Source Server Version : 100509
 Source Host           : localhost:3306
 Source Schema         : ftm_lab6_12-06-2021

 Target Server Type    : MySQL
 Target Server Version : 100509
 File Encoding         : 65001

 Date: 12/06/2021 11:09:37
*/

SET NAMES utf8mb4;
SET FOREIGN_KEY_CHECKS = 0;

-- ----------------------------
-- Table structure for account
-- ----------------------------
DROP TABLE IF EXISTS `account`;
CREATE TABLE `account`  (
  `account_id` int UNSIGNED NOT NULL AUTO_INCREMENT,
  `name` varchar(40) CHARACTER SET utf8 COLLATE utf8_general_ci NOT NULL,
  `current_balance` double(12, 2) NOT NULL,
  `is_active` tinyint(1) NOT NULL DEFAULT 1,
  `storage_type` enum('cash','bank') CHARACTER SET utf8 COLLATE utf8_general_ci NOT NULL,
  `account_type` enum('business','personal') CHARACTER SET utf8 COLLATE utf8_general_ci NOT NULL,
  `currency_id` tinyint UNSIGNED NOT NULL,
  `user_id` int UNSIGNED NOT NULL,
  PRIMARY KEY (`account_id`) USING BTREE,
  INDEX `user_id`(`user_id`) USING BTREE,
  INDEX `currency_id`(`currency_id`) USING BTREE,
  CONSTRAINT `account_ibfk_1` FOREIGN KEY (`user_id`) REFERENCES `user` (`user_id`) ON DELETE CASCADE ON UPDATE NO ACTION,
  CONSTRAINT `account_ibfk_2` FOREIGN KEY (`currency_id`) REFERENCES `currency` (`currency_id`) ON DELETE CASCADE ON UPDATE CASCADE
) ENGINE = InnoDB AUTO_INCREMENT = 8 CHARACTER SET = utf8 COLLATE = utf8_general_ci ROW_FORMAT = DYNAMIC;

-- ----------------------------
-- Records of account
-- ----------------------------
INSERT INTO `account` VALUES (1, 'Millenium Bank', 2500.00, 1, 'bank', 'personal', 1, 1);
INSERT INTO `account` VALUES (2, 'MBank', 3000.00, 1, 'bank', 'business', 2, 1);
INSERT INTO `account` VALUES (3, 'My Wallet', 300.00, 1, 'cash', 'business', 3, 2);
INSERT INTO `account` VALUES (4, 'My black wallet', 100.00, 1, 'cash', 'personal', 1, 3);
INSERT INTO `account` VALUES (5, 'Pekao SA', 10000.00, 1, 'bank', 'personal', 3, 3);
INSERT INTO `account` VALUES (6, 'ING', 2490.67, 1, 'bank', 'personal', 2, 2);
INSERT INTO `account` VALUES (7, 'Savings in sock', 230.23, 1, 'cash', 'personal', 1, 3);

-- ----------------------------
-- Table structure for category
-- ----------------------------
DROP TABLE IF EXISTS `category`;
CREATE TABLE `category`  (
  `category_id` int UNSIGNED NOT NULL AUTO_INCREMENT,
  `name` varchar(40) CHARACTER SET utf8 COLLATE utf8_general_ci NOT NULL,
  `general_type_id` tinyint(1) UNSIGNED NOT NULL,
  `user_id` int UNSIGNED NOT NULL,
  PRIMARY KEY (`category_id`) USING BTREE,
  INDEX `user_id`(`user_id`) USING BTREE,
  INDEX `general_type_id`(`general_type_id`) USING BTREE,
  CONSTRAINT `category_ibfk_1` FOREIGN KEY (`user_id`) REFERENCES `user` (`user_id`) ON DELETE CASCADE ON UPDATE NO ACTION,
  CONSTRAINT `category_ibfk_2` FOREIGN KEY (`general_type_id`) REFERENCES `general_type` (`general_type_id`) ON DELETE CASCADE ON UPDATE CASCADE
) ENGINE = InnoDB AUTO_INCREMENT = 10 CHARACTER SET = utf8 COLLATE = utf8_general_ci ROW_FORMAT = DYNAMIC;

-- ----------------------------
-- Records of category
-- ----------------------------
INSERT INTO `category` VALUES (1, 'healthy eating', 2, 1);
INSERT INTO `category` VALUES (2, 'food', 2, 2);
INSERT INTO `category` VALUES (3, 'food', 2, 3);
INSERT INTO `category` VALUES (4, 'salary', 1, 1);
INSERT INTO `category` VALUES (5, 'salary', 1, 2);
INSERT INTO `category` VALUES (6, 'salary', 1, 3);
INSERT INTO `category` VALUES (7, 'education', 2, 1);
INSERT INTO `category` VALUES (8, 'bonuses', 1, 2);
INSERT INTO `category` VALUES (9, 'huge expenses', 2, 3);

-- ----------------------------
-- Table structure for currency
-- ----------------------------
DROP TABLE IF EXISTS `currency`;
CREATE TABLE `currency`  (
  `currency_id` tinyint UNSIGNED NOT NULL AUTO_INCREMENT,
  `name` varchar(3) CHARACTER SET utf8 COLLATE utf8_general_ci NOT NULL,
  PRIMARY KEY (`currency_id`) USING BTREE,
  UNIQUE INDEX `unique_name_of_currency`(`name`) USING BTREE
) ENGINE = InnoDB AUTO_INCREMENT = 8 CHARACTER SET = utf8 COLLATE = utf8_general_ci ROW_FORMAT = DYNAMIC;

-- ----------------------------
-- Records of currency
-- ----------------------------
INSERT INTO `currency` VALUES (2, 'EUR');
INSERT INTO `currency` VALUES (3, 'PLN');
INSERT INTO `currency` VALUES (1, 'USD');

-- ----------------------------
-- Table structure for general_type
-- ----------------------------
DROP TABLE IF EXISTS `general_type`;
CREATE TABLE `general_type`  (
  `general_type_id` tinyint(1) UNSIGNED NOT NULL AUTO_INCREMENT,
  `name` enum('income','expense') CHARACTER SET utf8 COLLATE utf8_general_ci NOT NULL,
  PRIMARY KEY (`general_type_id`) USING BTREE
) ENGINE = InnoDB AUTO_INCREMENT = 3 CHARACTER SET = utf8 COLLATE = utf8_general_ci ROW_FORMAT = DYNAMIC;

-- ----------------------------
-- Records of general_type
-- ----------------------------
INSERT INTO `general_type` VALUES (1, 'income');
INSERT INTO `general_type` VALUES (2, 'expense');

-- ----------------------------
-- Table structure for logs
-- ----------------------------
DROP TABLE IF EXISTS `logs`;
CREATE TABLE `logs`  (
  `logs_ID` int UNSIGNED NOT NULL AUTO_INCREMENT,
  `user_ID` int UNSIGNED NOT NULL,
  `dt` datetime NOT NULL DEFAULT current_timestamp,
  PRIMARY KEY (`logs_ID`, `dt`) USING BTREE
) ENGINE = InnoDB AUTO_INCREMENT = 1 CHARACTER SET = utf8 COLLATE = utf8_general_ci ROW_FORMAT = Dynamic PARTITION BY RANGE (year(`dt`))
PARTITIONS 3
(PARTITION `less_than_2020` VALUES LESS THAN (2020) ENGINE = InnoDB MAX_ROWS = 0 MIN_ROWS = 0 ,
PARTITION `less_than_2021` VALUES LESS THAN (2021) ENGINE = InnoDB MAX_ROWS = 0 MIN_ROWS = 0 ,
PARTITION `the_newest` VALUES LESS THAN (MAXVALUE) ENGINE = InnoDB) MAX_ROWS = 0 MIN_ROWS = 0 )
;

-- ----------------------------
-- Records of logs
-- ----------------------------

-- ----------------------------
-- Table structure for payee
-- ----------------------------
DROP TABLE IF EXISTS `payee`;
CREATE TABLE `payee`  (
  `payee_id` int UNSIGNED NOT NULL AUTO_INCREMENT,
  `name` varchar(40) CHARACTER SET utf8 COLLATE utf8_general_ci NOT NULL,
  `is_active` tinyint(1) NOT NULL DEFAULT 1,
  `general_type_id` tinyint(1) UNSIGNED NOT NULL,
  `user_id` int UNSIGNED NOT NULL,
  PRIMARY KEY (`payee_id`) USING BTREE,
  INDEX `user_id`(`user_id`) USING BTREE,
  INDEX `general_type_id`(`general_type_id`) USING BTREE,
  CONSTRAINT `payee_ibfk_1` FOREIGN KEY (`user_id`) REFERENCES `user` (`user_id`) ON DELETE CASCADE ON UPDATE NO ACTION,
  CONSTRAINT `payee_ibfk_2` FOREIGN KEY (`general_type_id`) REFERENCES `general_type` (`general_type_id`) ON DELETE CASCADE ON UPDATE CASCADE
) ENGINE = InnoDB AUTO_INCREMENT = 8 CHARACTER SET = utf8 COLLATE = utf8_general_ci ROW_FORMAT = DYNAMIC;

-- ----------------------------
-- Records of payee
-- ----------------------------
INSERT INTO `payee` VALUES (1, 'CapGemini', 1, 1, 3);
INSERT INTO `payee` VALUES (2, 'ObiSoft', 1, 1, 1);
INSERT INTO `payee` VALUES (3, 'Stokrotka', 1, 1, 2);
INSERT INTO `payee` VALUES (4, 'A&K hurtmarket', 1, 2, 1);
INSERT INTO `payee` VALUES (5, 'A&K hurtmarket', 1, 2, 2);
INSERT INTO `payee` VALUES (6, 'A&K hurtmarket', 1, 2, 3);
INSERT INTO `payee` VALUES (7, 'zlom Malinie', 1, 2, 3);

-- ----------------------------
-- Table structure for subcategory
-- ----------------------------
DROP TABLE IF EXISTS `subcategory`;
CREATE TABLE `subcategory`  (
  `subcategory_id` int UNSIGNED NOT NULL AUTO_INCREMENT,
  `name` varchar(40) CHARACTER SET utf8 COLLATE utf8_general_ci NOT NULL,
  `general_type_id` tinyint(1) UNSIGNED NOT NULL,
  `category_id` int UNSIGNED NOT NULL,
  PRIMARY KEY (`subcategory_id`) USING BTREE,
  INDEX `category_id`(`category_id`) USING BTREE,
  INDEX `general_type_id`(`general_type_id`) USING BTREE,
  CONSTRAINT `subcategory_ibfk_1` FOREIGN KEY (`category_id`) REFERENCES `category` (`category_id`) ON DELETE CASCADE ON UPDATE CASCADE,
  CONSTRAINT `subcategory_ibfk_2` FOREIGN KEY (`general_type_id`) REFERENCES `general_type` (`general_type_id`) ON DELETE CASCADE ON UPDATE CASCADE
) ENGINE = InnoDB AUTO_INCREMENT = 15 CHARACTER SET = utf8 COLLATE = utf8_general_ci ROW_FORMAT = DYNAMIC;

-- ----------------------------
-- Records of subcategory
-- ----------------------------
INSERT INTO `subcategory` VALUES (2, 'dairy', 2, 2);
INSERT INTO `subcategory` VALUES (4, 'From ObiSoft', 2, 4);
INSERT INTO `subcategory` VALUES (5, 'From Stokrotka', 2, 5);
INSERT INTO `subcategory` VALUES (6, 'From CapGemini', 2, 6);
INSERT INTO `subcategory` VALUES (7, 'studies', 2, 7);
INSERT INTO `subcategory` VALUES (8, 'english lessons', 2, 7);
INSERT INTO `subcategory` VALUES (9, 'regular salary', 1, 4);
INSERT INTO `subcategory` VALUES (10, 'regular salary', 1, 5);
INSERT INTO `subcategory` VALUES (11, 'regular salary', 1, 6);
INSERT INTO `subcategory` VALUES (12, 'overhours', 1, 4);
INSERT INTO `subcategory` VALUES (13, 'overhours', 1, 5);
INSERT INTO `subcategory` VALUES (14, 'overhours', 1, 6);

-- ----------------------------
-- Table structure for system_logs
-- ----------------------------
DROP TABLE IF EXISTS `system_logs`;
CREATE TABLE `system_logs`  (
  `system_logs_ID` int UNSIGNED NOT NULL AUTO_INCREMENT,
  `message` varchar(255) CHARACTER SET utf8 COLLATE utf8_general_ci NOT NULL,
  `dt` datetime NOT NULL DEFAULT current_timestamp,
  PRIMARY KEY (`system_logs_ID`, `dt`, `row_end`) USING BTREE
) ENGINE = InnoDB AUTO_INCREMENT = 1 CHARACTER SET = utf8 COLLATE = utf8_general_ci ROW_FORMAT = Dynamic PARTITION BY SYSTEM_TIME (unix_timestamp(`row_end`))
PARTITIONS 2
(PARTITION `p_cur` ENGINE = InnoDB) MAX_ROWS = 0 MIN_ROWS = 0 ,
PARTITION `p_hist` ENGINE = InnoDB MAX_ROWS = 0 MIN_ROWS = 0 )
;

-- ----------------------------
-- Records of system_logs
-- ----------------------------

-- ----------------------------
-- Table structure for transaction
-- ----------------------------
DROP TABLE IF EXISTS `transaction`;
CREATE TABLE `transaction`  (
  `transaction_id` int UNSIGNED NOT NULL AUTO_INCREMENT,
  `transaction_date` datetime(6) NOT NULL,
  `title` varchar(40) CHARACTER SET utf8 COLLATE utf8_general_ci NOT NULL,
  `amount` double(12, 2) NOT NULL,
  `transaction_type` enum('income','expense') CHARACTER SET utf8 COLLATE utf8_general_ci NOT NULL,
  `account_id` int UNSIGNED NOT NULL,
  `payee_id` int UNSIGNED NOT NULL,
  `category_id` int UNSIGNED NOT NULL,
  `subcategory_id` int UNSIGNED NULL DEFAULT NULL,
  PRIMARY KEY (`transaction_id`) USING BTREE,
  INDEX `account_id`(`account_id`) USING BTREE,
  INDEX `payee_id`(`payee_id`) USING BTREE,
  INDEX `category_id`(`category_id`) USING BTREE,
  INDEX `transaction_ibfk_4`(`subcategory_id`) USING BTREE,
  CONSTRAINT `transaction_ibfk_1` FOREIGN KEY (`account_id`) REFERENCES `account` (`account_id`) ON DELETE CASCADE ON UPDATE NO ACTION,
  CONSTRAINT `transaction_ibfk_2` FOREIGN KEY (`payee_id`) REFERENCES `payee` (`payee_id`) ON DELETE CASCADE ON UPDATE NO ACTION,
  CONSTRAINT `transaction_ibfk_3` FOREIGN KEY (`category_id`) REFERENCES `category` (`category_id`) ON DELETE CASCADE ON UPDATE NO ACTION,
  CONSTRAINT `transaction_ibfk_4` FOREIGN KEY (`subcategory_id`) REFERENCES `subcategory` (`subcategory_id`) ON DELETE CASCADE ON UPDATE NO ACTION
) ENGINE = InnoDB AUTO_INCREMENT = 7 CHARACTER SET = utf8 COLLATE = utf8_general_ci ROW_FORMAT = DYNAMIC;

-- ----------------------------
-- Records of transaction
-- ----------------------------
INSERT INTO `transaction` VALUES (1, '2021-05-09 12:40:27.000000', 'grosery shop', 24.67, 'expense', 1, 4, 1, NULL);
INSERT INTO `transaction` VALUES (2, '2021-05-07 17:40:27.000000', 'bussines shoping', 75.00, 'expense', 3, 5, 2, NULL);
INSERT INTO `transaction` VALUES (3, '2021-06-01 08:00:22.000000', 'salary june', 75.00, 'income', 5, 1, 4, NULL);
INSERT INTO `transaction` VALUES (4, '2021-05-20 12:33:19.000000', 'buy car', 7500.00, 'expense', 7, 7, 9, NULL);
INSERT INTO `transaction` VALUES (5, '2021-05-15 17:59:59.000000', 'buy milk', 2.50, 'expense', 4, 6, 3, NULL);
INSERT INTO `transaction` VALUES (6, '2021-05-01 07:07:07.000000', 'salary', 2999.99, 'income', 1, 2, 4, NULL);

-- ----------------------------
-- Table structure for transfer
-- ----------------------------
DROP TABLE IF EXISTS `transfer`;
CREATE TABLE `transfer`  (
  `transfer_id` int UNSIGNED NOT NULL AUTO_INCREMENT,
  `transfer_date` datetime(6) NOT NULL,
  `title` varchar(40) CHARACTER SET utf8 COLLATE utf8_general_ci NOT NULL,
  `amount` double(12, 2) NOT NULL,
  `recipient_account_id` int UNSIGNED NOT NULL,
  `owner_account_id` int UNSIGNED NOT NULL,
  PRIMARY KEY (`transfer_id`) USING BTREE,
  INDEX `owner_account_id`(`owner_account_id`) USING BTREE,
  INDEX `recipient_account_id`(`recipient_account_id`) USING BTREE,
  CONSTRAINT `transfer_ibfk_1` FOREIGN KEY (`owner_account_id`) REFERENCES `account` (`account_id`) ON DELETE CASCADE ON UPDATE NO ACTION,
  CONSTRAINT `transfer_ibfk_2` FOREIGN KEY (`recipient_account_id`) REFERENCES `account` (`account_id`) ON DELETE CASCADE ON UPDATE NO ACTION
) ENGINE = InnoDB AUTO_INCREMENT = 5 CHARACTER SET = utf8 COLLATE = utf8_general_ci ROW_FORMAT = DYNAMIC;

-- ----------------------------
-- Records of transfer
-- ----------------------------
INSERT INTO `transfer` VALUES (1, '2021-05-08 13:35:27.000000', 'ATM withdrawal', 200.00, 5, 4);
INSERT INTO `transfer` VALUES (4, '2021-05-07 17:35:27.000000', 'Send a money for lunch', 345.56, 6, 3);

-- ----------------------------
-- Table structure for user
-- ----------------------------
DROP TABLE IF EXISTS `user`;
CREATE TABLE `user`  (
  `user_id` int UNSIGNED NOT NULL AUTO_INCREMENT,
  `email` varchar(255) CHARACTER SET utf8 COLLATE utf8_general_ci NOT NULL,
  `password` varchar(255) CHARACTER SET utf8 COLLATE utf8_general_ci NOT NULL,
  `nickname` varchar(255) CHARACTER SET utf8 COLLATE utf8_general_ci NOT NULL,
  `is_active` tinyint(1) NOT NULL DEFAULT 1,
  `created_at` datetime(6) NOT NULL DEFAULT current_timestamp(6),
  `updated_at` datetime(6) NOT NULL DEFAULT current_timestamp(6) ON UPDATE CURRENT_TIMESTAMP(6),
  `last_login` datetime(6) NULL DEFAULT NULL,
  `day_from_last_login` int GENERATED ALWAYS AS (to_days(current_timestamp()) - to_days(`last_login`)) VIRTUAL NULL,
  `avatar_b64` blob NULL,
  PRIMARY KEY (`user_id`) USING BTREE,
  UNIQUE INDEX `unique_email_on_user`(`email`) USING BTREE
) ENGINE = InnoDB AUTO_INCREMENT = 8 CHARACTER SET = utf8 COLLATE = utf8_general_ci ROW_FORMAT = DYNAMIC;

-- ----------------------------
-- Records of user
-- ----------------------------
INSERT INTO `user` VALUES (1, 'mateusz.moneta@gmail.com', 'a2641989bd58c542b0f67fbd77b3edf8', 'new nick', 1, '2021-06-12 09:54:57.417540', '2021-06-12 09:54:57.471809', '2021-05-06 02:55:05.000000', DEFAULT, 0x202F396A2F34414151536B5A4A5267414241514141415141424141442F3277434541416B474278414E4451304E445138504451304E4451304E4451304E4451384E4451304E4652455746685552465255594853676747426F6C47785556495445684A536B724C6934764679733152444D344E7967744C69304243676F4B4467304E4651385046537364465230724B7973724B7973724C5373724C5330334B7973724E7930724C5330724B7973724B7930774B7973724B7973744B7973334B7973744B7973744C5373744B7973724B2F2F4141424549414C634245774D4245514143455145444551482F7841416241414144415145424151454141414141414141414141414141674D4242415547422F2F454144345141414D4141514D414267634642515948414141414141414241674D45455249464579457851564653595847426B5A4C77426F4B6877644569517248533452516A51324B546F67644555324E6B6376482F7841415A415145424151454241514141414141414141414141414141415149444241582F784141774551454141674943415145474241594441514141414141414152454345674E52457751684D554653595A4546464B477849694F4277644877516C4E784D762F61414177444151414345514D52414438412F4C646A3271335971744B4E324B4E32413149716D53464455693047346C47374162784B4E346762784374346C6F5A774A515A53576876454134674845444F494278417A69426E456778794559354A52544E6755566F67786F444E69426469444E674D61434D32494D32496A43426B6A5374324B4E53415A49717453415A496F33596F5A49717455674D704B4755676170415A5355627743303369436878425465494B48454134414841444F414B5A7749557A6941726B44484951726B675679426D78417252455930417252417252426D77476245526D77444A42577046444A46444B53686B674E534B706C4A51796B426C4A564F70415A5341796B716D5541616F4133674662774133674163414467426E41444F42426A67444842554B34494663676F726B4A52584A416A6B42584951726B67786F67566F694661494661417A596947534B706B69683069715A496F3153565471514855676F796B71305A53464F6F4164514136674B5A51417978674D6F41315978594F724330337177554F724254486A49557834796C46654D4A52586A425258414375414563424B4934415679524B49354152795243755146614A51526F694661496A4E674853436D534B706C4A51366B716E55674F704B74485542614F6F425231414B556D417448574D4648574D4C52316A42526C6A4252316A49744E574D464E3673464E3673464D3673464471685A52586A4254486A466C45654D57555234776C45654D705248414B5463424B493443555277516F6A6B4A5248494B4935434A755349566F685264694A5230697164535654715261306F7043306453557053594330704D43796C4A6757744B546A4672536B3479574B546A467252316A4A5A52316A467252316A466C4757496C686C69466A6571466A65714A594F71466A48694668586A4C595634785A52486A466C45654D5755523479326C4A316A466C4A316A466C4A314262536B3667576C4A3141744B54714357556D3543555279456F6A6B49546952464A6B4E556F70467252356B57744B544262576C4A6757744B7A417461566E4753796C4A6757744B7A424C4B556E474C576C4A7869796C4A784573566E435459556E4554596F36776B324B4D734A4E6C6F33556A597076556A596F64534E696976434E69697645585A4B4A574962464A31694C7371645969324A316A4C5A535659785A5364515730704B6F425364514C536B71677053565145704F70444E4A314A45704E79456F6E454A5373794771504D68716C5A6B4C536B774C576C5A786931576D43574B7A4174565A786B73566E475331566A475459576E45545A465A7847646C566E435363696C46694D374C5231694A755564596962716271696267366F6267366F626858694C7555563468756C45654D753553645969376C4A566A4C756C4A58694E526D556C574975776A574D75785356597937464A566A4C736C4A5641324B537543374A534E51585A4B537152614A564A4C516D786252535A4D57744B7A4974714957695273317174454532576C70676D78537377545A61566D4362464C526A4D377253305979655170614D5A6D6552645670677A7561717A4A6E6464547A4A6D63313155556B335855366B7A354451366B7A3546304E784A354776474F425049654D4F532B51385A58493869654D6A6B3135453054614C756145614C756D696453586331547153376D714E536133545247354E526D6149334A714D7A5647704C756D714E7958644E557152647A5647354E6270716A556C3354564770477A45346B324779616D6B35374F6C4C53545A7149566C6B336131576C6B6E4E64565A5A6E6464566F5A6D63313157686B3358526147596E6B6130576C6D643130566D6A4D35726F6F714D7A7947696B305A386A586A556D6A4D38692B4E53575A6E6B616A6A556B78504B314847724B4D54797465492B3359337476326479323366714D547A66566647386A576661444669774C4F6C796A2B386E496E536D38476451366E446B6E39326D317837653574655A3377343873737466396D4F346566506C787878322F324A366C6E325936636E58344F6255786D68745A635574317733703858327278533348714D5A3473712B456E7065534F62472F6A4876657252786A6C656A787055626A6C5A3861564D3348496E6A53706C3869654E4F714E655250476E566D6F7A547870565A714D303052757A555A6D694E30616A4E4E4562733147624F69463262325A30527179374A716C5647746B31537169374D366F335A646D5A7854646C325A31546E4B5A62696C5A796B6169464A7A4562705763794D74524373357A50746169465A7A6D5A74714D565A31426962616A466164535A6D4739564A314B387A4D327571733668474A7464465931434D7A625769303668475A746446597A727A4F6332314743383555596D3274463473357A6255594C785279796D573477576D6A6C4F556C506E66747030507072303266565A4D4B656F6A45316A7978796D2B622F5A6A665A726B6B32752F66735062364831484C354D654F4D7634623972772B7239507835345A5A7A6A2F4142524477503841687671347835632B4270764C6D53744E54757078343132377677376250622B4A3435546A6A6C452B79503776482B467A474F655745782F4650396E335630664B786D58327078632B54496459746D634850655A4853496C6E527A3371456449695764456231534E7843614931716C356D34786C4E55623161387A5559797A4F4B463678655A754D5A5A7145613161387A6359796B306C5772586D616A47574A704B74556A5559797A4E4A56716B626A47574A6D4561314B4E6179784F554A317154555979784F554A5671433673546E424F764C717A7444797556656C587A4D3155766E625A646A6E667056387A4770746C334C65642B6C587A4D6179752B66632F6363736E7056387A477339472B66632F647172492F33726633324E54624F666A50334F6F797675642F4F2F31476E30582B5A3350334E3157663841376E7A7639526F76387A75667557347972766472377A47695435493938794A6E4C3456582B702F55766A2B686566632F633677353334332F414B6E3952342F6F76387A7566755A594E5234504A37736A2F556E6A6A70613565352B353167315867383375757631486A6A364C584E335033623147722F3841492B624A2B704E4D666F746333632F6553566F74512B2B4D7A39733278726A485361637339713439507170323472557A3563566D2F496B3438632B2B6D38636561506D2F5639503064396F645A457163756D795A6D76332B717959366674326C702B354938504A364869796D38633666593466586373525765462F5771657A706674446B726266535A6C397A4A2F4B65506B39426A48757A6837734F6648503454446F79617654343857565A39506C795A4E546B2F7563744C4A57544862336656376266744C763253376B7655633865504F3669765A582B2F774258544B644A78796A4F73666A466539387A396E2B6B71302B4C4C654C4265525A3831564C5535484B6C4A4C5A4F5A66696D652F6D3950484C4D625A5655506E38504E6A684765654F502F7742544B2B663754366E773074664C6D2F6C4C6A2B4838587A2F736D58346C6E4875342F77422F384F504A396F74532F77446C3276624762394472486F754B502B546C503470792F7744582B376C79644F616E2F7050354D6E364734394A785238584F6678506D2F77437639335058544770662B472F6B73332B5834324A2F4575623550335372705850347A743932797877594D542B496333792F704B64644A35764C2F625A7277344D54362F6D362F636A3652792B532B57692B50466D66586376524830686B3958775A6648697A2B63355376585A505638475854466E3833796C6574767A5877593168507A58495636792F4E664161777A2B5A354F32505656356F744A35382B792F3269764E426E7A5A396A723638776E6C795A317238776E6B795A316A38304466493677727A4C6F617731594636513158534F7A4C544C7A593158534F7A4C547230714C71756B646D576E6E7A6F55756B646E6E545435312B4970714D49586A53727A7234744574754F4F4F35566E532B565776764574754F50367976476D2F7A3338786963766F365938636479764F6E2F414D7A392B7A4F63357A30365278783265644D7646702B325A4D7A6E50546363654B6B364B483371483932544D3875634E78776363725230666A387039335A2F426D4A3952794E52366269566E6F36502F6C32767A4A2B5A354F6D767933483236636652654E2B4E72325A637638787A6E3165665463656C77376C32592B695A384D7556657A4A622F697A6C50724D766A6A48366634626A303066444B56736D6836724865523539513145756D6F7148577937397430633439544F65555270446338666A786E4C615A6F2B4C525A4D6D4F4C576F7A4C644B3536324D44795932313362384F7837646E597A6E6C366E48484B596E435036653563654F63385979322B385262784F694F6A632B4F745470493144694E4C6C58424E4A70343869357039336D362B42363876553865754F63345873386E4477386B5A5A38635A31725036543758566C36503153377454443975467638304D66566350794F6B38484E3838665A795A4E4A72462F6A5933397872387A7448714F4435584B654831487A513572773678654F4B766254583548534F626736633534765539776B31713133786A66737966716A63636E417A70366E7150756C56366C642B4B58374D6B6D6F7A3465324A7839523876366F764E71463334583771682F6D61323475324A382F7966735236724B752F4466755366384141743866624D35637679536E577376787858386C466A54746D632B54354A546575666A464C32785271736532664C6C38736B72584C786C72334D7452327A3565345465756E3246714F303830644D65726E365A612B716557437655534B54795156356B4B684E344B3871436251586D7670494A7441575031734A58314D7361383246316A7471787A35734C72485A31696A306E387948745858487379695053667A6F584B3634396D55342F532F7742777556724473796A4835742B2B68375672425848775868582B34546255617569626A30582B50366D4E5A37626A4C4870654D6B2B6A396645784F4D39756B5A5230764672794D7A6A5062635A5230724F5265532B4A696347347A56576F5337334B2B38596E696238712B505570397A58782F6F596E686C754F574852476F2B747A6C504333484936493165787A6E6774306A6C4A306A724E3846727556754D6262664861627453326E34505A39684D4F43497969656D65586C6D634A6A7632505530655A6452615358393238657A5437464C586374766838447A386E462F482F3637595A2B79756E6C34356D4E566E3144716E656163554A634C3478454C7533386432327A764F457A78786838496363616A6C7935506A4E517665704D7877756B386A6E795A7A7048457A504935727A723652306A696C6965564B3870714F4E6D6552473868754F4E6D65564B724E614D54794A315A72526E644F724C6F6D36565558566E644F724E6170756C5452645A5A6E4B457153386C3843314C457A4853645935394766676A564D544750536459703947666769307A4F4F505362777A35494D546A6A305871703876346C704E63656B5648724E754E4E55665778566F7968665351576F4D70583173556F796E36334330644C314C34734B31532F563843686C4C3831384546504D2F356E2B4157502F54716E36562B346C4C6631566D2F2F5A2B312F7742527131475235742B5339354B616A4A525A504E523845796174624C5938323363355873534D7A6931475338352F4E2F675A6E42306A4E61645474346D4A346F626A6B4A30687164384752622F7537727A354C74542B4B5249346F696254506B6D634A6570306472622F414C4862535731634862335361374F376276504E79634F506C693370342B544B654F336A6162573039527166326D3458564A4C775663653359394869696E6C783573707A79397673644E6172312F67574F4A7165524E36673134325A7A4A57646C30686D6369504D58524E30336D3959315A32546562316A524E69566C4C716D79645A53367075523543367075523552716D35486B4771626B6551744D376B64696B324B37464A7356304B5379386853576C794B77336D4C4C627A467262565A624C627A466C6D566C57323877575A5756624D72425A6C6631754673797355746D57517446746C7065432B43524B5731466B464C73645A76574B61324F732F724A53786B627231356B70725A574E517572703757326C3263562B7A37326373387179695059375931704D2B31352F52756F374C7278753354397076474C683575504C337574366B3171337552366B75724F355871474E5533493877704E69504B4B5A324B38706154597279454C4B386753797577575632457372736862485153793867577A6B524C5A75426D34524D796A53674133636F33634B315555747649746C7435433162794C5A6256517374764D4C62655A624C61724332627241574F73426265732B7477747457522B5A46325772573535784F4A766A44374F4B6D55397655314F2F346E6D7A34385A793272327652484C797878316A6C37484470737233652F62367A7278764C4755756A72447174733677467336774A6248594C5A7A43577A6B51746E49444F524C533263674D35454C5A7943577A6B4332626B4C5A754162675A75524347556141626C74576977626C7362754C42754C47376C7347344737693147356247386859336B4C42794C61743543797879466A56517462555766614B322F6850356E4C4F4C6C326A6B724359687A596E336D73486E74586B62745763685A59354379326369576C733543797879466C73334A597A63574463497A635744636C6A4E78594E78594E79574D33466733496A434B41414141436F33634B4141574463746A6478594E79324463574E33414E78594E79324E334671336B4C47752B7A752F417A4C65337339784578444674334E574D33466F4E79574463574D33414E78594E78597A636C67334667334A594E774D3341416749414B4E774D494141414141445367414141414B41445141574141414E796A6478597A6368594B4141334667414357414141774149414141414141494D414259414D49674141725141414143674141414451416F4141414141414141414141414141574141494D414141414141416741414977414143414B41414141414141414144514141414371414149416F4133634B4E77674177414141416741414141416A4141414141414141414D494141414141414130414141416F41414141414141414E774E3341416F334141414441674141414149414141414D414141414141502F5A);
INSERT INTO `user` VALUES (2, 'michal.mroz@gmail.com', '0a8ffb0a5ba86192d1eb47af6f0c573f', 'michal2', 1, '2021-06-12 09:54:57.424395', '2021-06-12 09:54:57.424395', '2021-05-06 22:55:07.000000', DEFAULT, 0x202F396A2F34414151536B5A4A5267414241514541534142494141442F3277424441415945425159464241594742515948427759494368414B43676B4A4368514F44777751467851594742635546685961485355664768736A48425957494377674979596E4B536F70475238744D43306F4D43556F4B536A2F7767414C43414B41416F4142415245412F3851414841414241414546415145414141414141414141414141414141634442415547434145432F396F414341454241414141415A554141414141414141414141414141414141414141414141414141414141414141414141414141414141414141414141414141414141414141414141414141414141414141414141414141414141414141414141414141414141414141414141414141414141414141414141414141414141414141414141414141414141414141414141414141414141414141414141414141414141414141414141414141414141414141414141414141414141414141414141414141414141414141414141414141414141414141414141414141414141414141414141414141414141414141414141414141414141414141414141414141414141414141414141414141414141414144783641414141414141414141414434316A56646477324F6F4B2B527A4F786256732F7742674141414141414141414445527A6F6D4F38395672686230586E75523375523873414141414141414141444852566F464C37326662396D7A6C393638736348724F6F61783856642F6C6249414141414141414141456678465A585569794C6C6741596D4F593774623258742F41414141414141414253687950765A426C664941414448785448766B6854465641414141414141414C65444E51763571334542696350376C387341303646624462357A7541414141414141414B554536686E4A327A41504E416A5042655063374A752F6567784545595062353271674141414141414168655063355075524252684C53414738545A57426A3442776368545141414141414141456677746639435A594345644441472B546342696565374361742F414141414141414D647A6E6154747551476C77534143647430413036434C766F334941414141414141495A6A75524A6D4151467151414E746E3042444D64794C4D6F414141414141474935787139495A41436A7A42534142563666724157484E314C6F374C67414141414141694B4D704F6C7742694F62414148536558415248474D6D793641414141414148787A545939493559426A4F61414148532B5441596E6D362B36572B77414141414142712F507530394167487A7A46614141752B6E666F41352B31626F4C614141414141414246635579784B5141685051514162394E674169364A70576C514141414141415154706B2B3759414D487A76524146626F6A4F4144553443334F64674141414141427A6868656D723841493468337742374D556A674259637935726F384141414141416376302B6F2F51415233454E7543346C36524141656375564F6F414141414141447A6C6D383662414159754E745077374D62684A4F5541416379576655336F4141414141447A6C6D383662414254775777674E657A745141484D6C6E314E364141414141416376302B6F2F51436A484D61347A59643732624A735A72476936396B354B6B617341656375564F6F414141414141427A6868656D72384271384C345550664876675A71614E6F4157484D756136504141414141414545365A5075324152334431494141565A686B5144553443334F6467414141414142466355797A4B49493368377741414873777951434C6F6D6C6156414141414141427133503231644142706B47557741414653644E79446E2F566567746F41414141414148787A545939493559734F6463634141414D6A305866474A357576756C767341414141414149696A4B554A6149636A67414141456A7A47524C46386D79364141414141414445633431756B4C2F473832305141414156756B736C59633330656A737541414141414142444D64794A4D3058784B414141416C7155495A6A75524A6D41414141414141592F6E4B306E694B395A41414141624E4B6B443366526D52414141414141414E4168572F744B51414141437264324530794141414141414141454D5234414141414351706F414141414141414253676E5541414141427438375651414141414141414C65444E514141414162664F64774141414141414141556F646A7741414145685448564141414141414141426F45513251414143396C3251414141414141414141444878564839494141565A416C544967414141414141414141784D6361486A2F4142376B4E386B664C414141414141414141414434316E56646477754F6F4B2B527A57773758733332414141414141414141414144783641414141414141414141414141414141414141414141414141414141414141414141414141414141414141414141414141414141414141414141414141414141414141414141414141414141414141414141414141414141414141414141414141414141414141414141414141414141414141414141414141414141414141414141414141414141414141414141414141414141414141414141414141414141414141414141414141414141414141414141414141414141414141414141414141414141414141414141414141414141414141414141414141414141414141414141414141414141414141414141414141414141414141414141414141414141414141482F2F784141714541414241774D4442414D4141674D42414141414141414541674D4641414547464442514552495449424178514345694D6D43674E502F61414167424151414242514C2F414B59564B736D784D364150542B5630396B636735546B6F6335536E33563131765857394A66645254636F6333544F53534464443558517336415253565756622F51445A41594B7875554F4B6F6F7767712F6F6C7461717349546572694532705461302B6F7068417477637063545155674D62626E4444474132354C4A486E715571363156613357346B476354512B4B4A7069416A327162444761395841786E616667493932694D5554526347634E5637644C306C56304B6A636B655A6F4D786778766D5A6A494778714A49644B6470686C7839795078646171446A78513762686B654B5A592F46317070396C78687968694852585966495779655863576C704535504B4A2B4C56465934362F51676A41626634437847444735584848574B76385163386F576D31706352796237714747707559636B4630494B36573944516A494E74682B5244597572495932314979474E76544569472F737A4D4979645973563052366F5359636A3173756F666135467861576B547373715164714D6A3370422B4F415A4159393550493242364D6C4379372B67636F574A654C794E676A596B514754324A5350656A333667705A55653632744C694F51796157314C6C52636537496B67694E42442B7A72695757357563634E5673516B3434457070784C7A667363493061504B5237736554574D79326C63342F4B5A50544D30474D3457524741746744652B53797573653273616C6447393779514C5A3478677A67684659744A366C6E6A54796B42694650724B497248597A51692B2B55483651486378633756672B2B52786575466F5639597041425344424F4D79342F7741785659704865636A5979556E555375356A4A576D6C646A4B3437546B5669522F684B3475554C734543705631714861552B38434D674D5833645834326C71757457346856304C5A5835477663345A42677044536D486B7175685557585930486973794C376E717730507563324A652F6246373052667569396A4D672B3179734D4C3758754A566579556E6B584B4D746272654C46305947784A70373433656A45396B6273536F7573417662706341693470696232556E694D6C49303852574F44616D5732565736324B61757752754374586649546270625A794D6254533159305271496A694D32652B4D4B5A364A3273754638522B356949766C4F327331592F7057457663546C7276664D566A445869687471594273654374436D313753454B6358446732414232736E5A38734E574A4F646B7A78457976795374416F385157336B385235397647596A77626836504B46554D767879764545713779476B397A6D374F5146694B646157797632616157387544674C44377A716531775A58595277392F70582B51502F414C64343041633542754C4F4A702B4B4F597053464A704B464B70694B4F666F50466E4C3045414F456A654F2F67323333623634612F316637422F67336355717945706D41465037437067424C365657576E634F2F6B323333623634636C50595130727463326E58454E496B636E516D6A4469444655424C6C68554C6C5464365A6E5935796B794161715649427073374F787A6445355533616A3563773334444F494456485A4F68564E4F496452744F71376E426B39354845544B50484B30437679686245764D4D5239704351494F63336F2B51494258457A44456862595058346771686B655356346A4C572B795A724748764C4465382F4F324870617272562B4243726F56417A756F324D6E6438554E574A4E6438787847624D2F4746502F414E50624A4A72772F6C7875613833766D7233524659537A784F536A366949724843644E4C657552536D674876667266386C72394C34374B61386631794D6E55793159305070346A69465773704A343978544C5836586979745942386D456F45474E4A5759542B59496C595A495A4B4378766D554B3059463739626744334B4D5461795538546D596E613957476D64726E7A6C782F6C492F5269422F69492B63794D376E4B777754756534715545736143704E304B4864554F2B435367735770416D77596269314F4F666F6257707479504A73594652784B42425348564550705464616F735377515046356342345371784F523842465A6F5430522B72437975714B7975523837395969423569754D5046515949557773596A3672485A50586935432F353562395750503841676C73696B39434E39304B77736B67415641597647355447616C6D67695841794671757458366B4B756852704C686846597647615A6E6A386D69644D352B3747596E5575636734684C694A364A5648752F73676F6C55673632684C534F526561512B314E77376B657639554A454C6B46734E495961354E78435845546B436F62394D4A41714A707443573063744D592B32565249376F727635426833536E596648327865614D44594D626B3862655A70535649562B424B564C5647343238395159624162664F47783478746A7357635452515A41743977554D677134574C754B6F4B504743742F6F436B325659714341496F6A464B657875516270794C4F62705444714B36587270656B734F7270754C4F63706E473542796D4D556F57434148704B624A742F30772F77442F7841424145414143415145434367594942415546415141414141414241674D4142424551456945694D44464255564A7849795179516C426845794241636F47526F624555596D50424D7A527A6B74465459494B67345A502F3267414941514541426A38432F77437A446578414738316C6D394964306557757232663475617A58535033562F7741316E577162344E6457644B353574577574645A73726A6B315A74716D2B4C58316E4F6B6E764C58574C5038554E5A4A76526E644A6B71395343504C2F5950574A517034647445574F504548452B553166614A58666D66567A5659386857537A792F324773746E6C2F734E5A79734F5939572B7A79756E4930426249386363535A4458563551783464766A7550614A416F2B39464C47505170786436697A456C6A744F444A563468784633795A4B367A6143664A425838444850357A66585277524A79516572306B4554633046667763512F6B4E3164577442486B347138773436373438745A63415A5351773269676C7348706B34753957505A3541772B336A5269736C306B322F59744753647937377A6743516F7A7675464272612B4B4F424E667A7271384B71654C6238394C316946575046742B644672452B4F4F4239667A6F704D6A492B3434424A41355239346F525775364F626673627863764951716A4B53614D4E6B4A534861323173496B746438556644336A2F6973537A786842392F5963533052687839714D6C6B766C6A346538503834524461795868324E745767385A444B636F493855615356735646316B31694A6D3263616C33383841696754475930486B756C744846753561487062544570335931667879655347763435484E44563056706959377239435A45756A7448467635305970307857474445624F73353172753555736B5459794E715069544F357856584B54574B6D537A7271472F774138474A454D3064707467723063493574744F674B5755656D6B333930563030787865455A423676517A484634546C46424C55505179622B366442364F59636D32697353555A7664625963474B2B577A747247377A70586A495A5779676A78453261413943707A6A78484149343869393574776F52514335523966585A3543465263704A6F785145705A2F71335051694B6539374E39563555736B62426B6255523635696E46366E365559354D713931743477437A546E6F574F6165452B4966686F54303067792F6C4742495952653755496F2F38416B3238364430454C6458512F3348522B676D6271376E2B303641785366385733476E686D467A72672F445448706F3958356834644A504A7155617439504E4B62336333344D655164596B37586C356144306148705A636738687430766F335053785A44356A5A6F4D654D64596A37506E3559456D694E7A6F62366A6E6A314D506C34614C4D687A49753137324438544B4F6A6A37506D32686C75374D65594E4C4677795A683050346D4964484A32764A73427373687A4A657A3733686B732B30444E35305759336B355453525239707A634B6A676A314B506E6F486339305830574F7335644B474773472B6B63643458364353435455772B5650464A326B4E786F4D70754979696F7078724979382F4334374B70794C6E747A77506133475263314F65335132736A2F53623761657948394A66746F557461444932612F505A676B7372484932637650776F6B36686C7161593939723675465177375647586E6F6255752B4A767470374B75364A66746F5A6F6472444A7A713431444D4F34313941727150684D313361664D4878775167396C4D382F4452454862557352316F7858537852445737426141477A525441646C38386648424466326B7A44385043625043504E7A6774452F4A426F784F4F7A4E397870544F657A443939485A352B614842615965546A776C313446432F7667673376652B6A654C763631506E54493449595A434E47714943574F51436B69372B747A35364F66656C7A3445586A55722B2F684E726239516A424248776F42394E4962565A6C365164745274305974567058704432464F7A535470784952394D466C62395144776D567437453069377A64706A5059376C6C32707361696B716C5847772B75456955733532436850624C6D6C324A7358544D7534335645323567664354566E2F714C393950646149773234375256396B6C44446866496136537A5363774C2F74576370465A716B3130646D6B356B5866657237584B4648436D5531645A3477753837547037522F55623730504354566E2F714C39394B575967416254586F5261557876703839443649326C4D6236664F67796B4548614E4C6150366A66656834544B7535694B56747876305A655267714457545253784C6A6E6A625656396F6C5A2F4C5A6741696C4A5467624B4B75745544447A544C58387746393458566B7455482F774242575731776633697635674E376F76727130444E35766B6F695755684F42636777583265566B38746C424C616D49654E6456423432444B6452476A5A743576714A643741654532746631436345456E45675030304F4C32357469443936766E664A7355616870386142386D3154714E5976596E326F6632304D386E43685030775752663141664358626A554E2B324344656C3661427250597A664C336E34614C4F53574F736E32454D68495961694B466E7468756C37723857676E3376636D424734464C667434545A707561484261494F546A317A5A624B335364396833665A525A625733536478754C31375042767663344C544E795165457A5864704D38664442435432587A4438665778496A316954563544665635312B79336A58574A4B65734A722F41444466363031335A544D4877775133397038382F48776B67366A55304A376A5856654B686D32734D765031486D6C374B696E6D6C4F633330396E53614C744C396153614C737350556D6D32714D6E4F727A554D4937375855414D674868556471555A477A57353448736A6E4932636E50623667736B5A7A493872632F61545A4A446D535A56352B6F6C6B5135467A6D2F62424A616D47526378656668637342316B5A4F64465746784751306B7365526B4E34714F615055772B5743576475365072544F35765A6A65543753726F626D55336731464F7666483177535479616C487A70355A4D724F627A51565265546B46525162514D376E34594C55677A4A6531373244384C4B656A6B37506B3243477A44626E7437584E5A6D325A363450777352364F50746562595078546A4D693750766547795153616D487970345A52633647374269794872456661382F4F707A735534672B48746342324D63512F4773574D39504A32664C7A774A44454C336333564842487155665077373854434F6D6A47583877774C4E43626D576978316E4C37574747735A616161593373324438544D4F6D6B4754386F38514E70674851743268776E3238576D636443707A52784878466B6B415A574678427247544C5A32314864356532347A354C4F76614F2F796F4A474171726B414869545279726A493273566A726E5763366D33632F61386438327A6A57322F6C5378784C696F756F44785170496F5A5472426F7A57514634647137563970453172425348597531714352674B6F3141654C6D577933527A62746A555935304B4F4E68396C45634346334F77554A6258644A4E75324C34316957694D4F5074526578394D6E4433762F614959454D4E6839684155457364676F50624F68546837332F6C596C6E6A436A372B4F39596944486932305459354D63634C354456316F69644F593074316E69642B51712B325359673455796D75727842547862663841594E7A4338566C683947322B504A585637523848465A714A4A37726635724F736B3377572B73364A787A57745661717A596E504A617A624A4E385675724F52492F65622F414258574C523845465A49636474386D57726C467738762B7A462F2F784141734541414241674D4742515542415145414141414141414142414245684D5545514D4646686F664251635947523053424173634868385743672F396F41434145424141452F496638416F58635970786A2F41496B6E4663794D452F414F43664F53703758514C52692F4A6166692F426139595554544C75674B526431723167576E3476795445775A6630796F375851706B4163452B636B4C6D6D524A782F675837516F52506F6D78646B435335444C414849534870316E557161485A677049646D43316E55656E6B4D73413878497067585A416B6E375768514470783343656550494B702B444654654565476A6B6A6B39624341414F54494A694B3356706F51507942366C616B432F68434F335436514141686151346968486635394C566F58524A47422B5950554A324B467569614951417845785965476A676A4564552F426770504B786E6D4B38777078714778514F3835527773716261772B6355584B3767636453644E454F6656656E584968753075304748524968357852593244437970743147596F4465626934374A7554414255656A49385973416B734A7037733267787836302B597A507354696E727A35444D4C4736304145466A4F796A635A6E6E4348354E79634563554347416567526D34646D5A3742765862444D6D697A5667454F5639334C6135774432434B7732545245574F7961493636456F4A374735796455454F56396F3372746A6D44577754644F38314278674842784964634A7A494250504A2F50597249623051736E64454C526461626E3679514135676A6F7745493953715067352F7A523652344D6638306F6F454A6A2F67675151346A367A614C705463516F7278535A4E6A7A79667A324244346C4D415278484333787559575141794C634656426F4E5378507246484368414B556F6253384C4B354D704A4E5077736B4F6B44795248726F5451616C694647544930374C475878755938516B3569493275624830673744456F48376D64544775446B7267523375574632634E4D6965397978754257735A314D594A39494F3478466B2F49497A746877366F68686955436A79416545415351424E446C4D64314E504B346B4364787169396D695A65366934424B592B5456434343515A71484942345749676869714F472F594E50785937527641646B4C6C76463966505739595250333874626C736A654162493266554250317777794767674E536B6A576933444D6D71483434676C54497A34716D344649525436424850633549353370783247413568416B495939526355794D2B4B68512F474D456A576933424D47696159676846416E7775553439524C537A3757475464726D717A37462B55747343352B6C686B3361795151394A50546852523245343442544579414D714473694341354D6768425731744536334A7845774E562B63684D44526367384C61493152444159695955784D42444B6F3749715469634845634A635A53666D6150593068792F57316136444C514D564D6242304E37496242314B444C514D4C707044452B3571396A6A4C2B4D3062684F374367736653702B516273346E436A326A656E4734554F654175336752492F49466B3532475043646D63504B7A6D674F70687064776B674F5746474175346D434A335A674C734A6B6D53684A4A516C54752B514136474F6C6D44476E6548436345473351745A2F4D6E76425164685A44694D3773344D777368784F6435564F786D4557754C634A32426857566E7151414141464C307549584756794D436F5633434E69505843753442755369346F635A334D784E3657495979575A337157774D50434A694A795A6F48466A38432F656E426B38676F736437675A497959504A2B36456D4C5A6768456D4A5A42305A45486B2F6444593373426B6E746735764D4E2B444C443543684E6D704842356968466D6964596641765A384E694D416841746A3242417661513830413072535752414E47754C516F304E67527765743654724835436A466D7048434E6959566B64366B474963537567757463746745306E79506F46566B547847446B4A574D53486230364A6B4963566E596F444137417942485032597079433773564F547344492B67786A7337424F446E623136325A6B3842693569536153356E31436969752F4C6347364A41424A6F737A765574695965453449616F7659503962376B526C4845564C6D6F6F36676D6D3559763462526D753534516D426145523871335038414676735949614976776E426A5476437A6D414F686870634D6F533647515A6F76464849636B2B784C78527947494B47325A64444B6344635135514F706A705A675A70336C776D454859635750456D522B416658794E64454766746552695851632F57324E5877425A434C734F6545734D50367A523748674D54366D7671484A31764E45593553534C6B6D767454444B514263455551354F647872366E67546B2B357259787762777A5275456A546354455A4B6F47416371614967694D524549555037474544723644664D2B7A4A6F4F716671486471425144323537324B3755436F4B4E3837376B6350514B45397A4B4131524445636D4A56414D4935563051303254415944685567683661576C6D306767656A3577522F5075536149442B2F523970423057534448717036634C6159696A4E416B6A576932444D4771504979717170357356525A6A5759474E41376F6F41675A556D6675536741416C434A4B6C496B6A436F643373716F357356416A794F716A576932424D6D6945686F6F685570384D2B694B667178306957493749324F376E3651675064754B6E3730445932784C454E6B4C484435552F484463424448465171506F4235514A4945466967794D415A4E504A622B6F4875392F5542416C79624A516B6B53533555505144797144474A78565044707559434E734C48624336455946546A556C7A393255324B413570327775674741736C35674A3275654954392B4275592B2F7741626647356878476678494149544479667A324C3372586966345A44756C494142784963594269497A644F3858335966634F7A4D714244414E51635544344E674842434C7A6F7A504B5063312B6A49385951664A7345774134756365714A336D573850426E3758654867795278706F6A65633861776E6A6A7947694C4548465349594F6A4544456450596D446F774135505250774F436D54476565504D61386462744368414F71594632515A4C6D4D7341386A4B39356A4C41484D7954594C736779546471516F6E312F774A4F4957594963464F52435370385A494D39727145354D5758344C56345834493933734349706C32514E49757950643743745868666B6D4A71792F4A446E7464536D4968786A3479514F49475142675038537777544155482F51782F396F414341454241414141455038412F77442F415038412F77442F415038412F77442F415038412F77442F415038412F77442F415038412F77442F415038412F77442F415038412F77442F415038412F77442F415038412F77442F415038412F77442F415038412F77442F415038412F77442F415038412F77442F415038412F77442F415038412F77442F415038412F77442F415038412F77442F415038412F77442F415038412F77442F415038412F77442F415038412F77442F415038412F77442F415038412F77442F415038412F77442F415038412F77442F415038412F77442F415038412F77442F415038412F77442F415038412F77442F415038412F77442F415038412F77442F415038412F77442F415038412F77442F415038412F77442F415038412F77442F415038412F77442F415038412F77442F415038412F77442F415038412F77442F415038412F77442F415038412F77442F415038412F77442F415038412F77442F415038412F77442F415038412F77442F415038412F77442F415038412F77442F415038412F77442F415038412F77442F415038412F77442F415038412F77442F415038412F77442F415038412F77442F415038412F77442F415038412F77442F415038412F77442F415038412F77442F415038412F77442F415038412F77442F415038412F77442F415038412F77442F415038412F77442F415038412F77442F415038412F77442F41482F2F415038412F77442F415038412F77442F41503841762B332F415038412F77442F415038412F77442F415038415062782F2F77442F415038412F77442F415038412F6F6668582F38412F77442F415038412F77442F41503841502F33762F77442F415038412F77442F41503841337638412F77417A2F77442F415038412F77442F41503841752F302F336638412F77442F415038412F77442F41432F35682B622F415038412F77442F415038412F774466332F507A2F77442F415038412F77442F4150384176392F372B582F2F415038412F77442F415038412F77442F415038412F622F2F415038412F77442F41503841662F38412F77442B762F38412F77442F415038412F503841502F7A2B502F38412F77442F415038412B2F3841662F38412F7744662F77442F415038412F7744302F77422F2F763841722F38412F77442F4150384139663841662F372F414B2F2F415038412F77442F415038412F77442F415038412F77432F2F77442F415038412F77442F415038416E2F6E2F415038412F77442F415038412F7744762F77442F415038412F7744332F77442F415038412F77442F415038412F77442F415038412F77442F415038412F77442F414F6E2F415057502F77432F2F77442F415038412F7744392F774432622F3841762F38412F77442F415038412F77442F414B49482F77442F415038412F77442F41503841372F3841662F372F4150662F415038412F77442F415038412F6638412F77432F2F77442F415038412F77442F4150332F415038412F77442F414C2F2F415038412F77442F415033372F77442F414D2B762F77442F415038412F774439392F38412F77446E762F38412F77442F415038412B2B2F2F415038412F7744662F77442F415038412F774438582F38412F77442B502F38412F77442F415038412F7744662F77442F415038412F77442F415038412F77442F415079662F77442F4150742F2F77442F415038412F77442B332F38412F774437662F38412F77442F415038412F77422F2F77442F415038412F77442F415038412F77442F41503841662F38412F7744382F77442F415038412F77442F41503841762F38412F7744392F77442F415038412F77442F41503841372F38412F7744372F77442F415038412F77442F415038412F77442F415038412F77442F415038412F77442F415038412F7744352F77442F414C2F2F415038412F77442F415038412F77442B662F352F2F77442F415038412F77442F415038412F774348366638412F77442F415038412F77442F415038412F77442B2F77442F415038412F77442F415038412F77442F415038412F77442F415038412F77442F415038412F77442F415038412F77442F415038412F77442F415038412F77442F415038412F77442F415038412F77442F415038412F77442F415038412F77442F415038412F77442F415038412F77442F415038412F77442F415038412F77442F415038412F77442F415038412F77442F415038412F77442F415038412F77442F415038412F77442F415038412F77442F415038412F77442F415038412F77442F415038412F77442F415038412F77442F415038412F77442F415038412F77442F415038412F77442F415038412F77442F415038412F77442F415038412F77442F415038412F77442F415038412F77442F415038412F77442F415038412F77442F415038412F77442F415038412F77442F415038412F77442F415038412F77442F415038412F77442F415038412F77442F415038412F77442F415038412F77442F415038412F77442F415038412F77442F415038412F77442F415038412F77442F415038412F77442F415038412F77442F415038412F77442F415038412F77442F415038412F77442F415038412F77442F415038412F77442F415038412F77442F415038412F77442F415038412F77442F415038412F77442F415038412F77442F415038412F77442F415038412F77442F415038412F77442F415038412F77442F415038412F3851414C424142414145434177634541774144415141414141414141524541495446425952417755464678676147527363487749454452594F48786F502F6141416742415141425078442F414E4373374572494F72513967756B6D79663841427962444A41484E56417149516B4C666938364B585166532B616E673179393151416A78795236517043572F7679744C53743571706152764D56495333392B456F4144686B6A306C5541505A413831424A6F2F70664E53576B696239765767584C4969484D52542F4141475261456F375579302F5A6C455056445A35715A39475262306D5078507171484961426B72527661674D6C616C37302B716F63772F475A3957565A316D614537765A6836713776465159306D772B727678312F6B746274794B367072434249507731536D68636A6D713637477A4F41435664416F3944336B6A36722F53685349756D4833306F63566638765365464143457A5A38556741417943785564616A72515143544D6230674A584E6A7A5354522F655266436B534275454833306F4B3438704830523430325A7949516A714F774B6146794F594C6A542B4543515068716446734B7A4F545858476C315430755771784B543449794177426B477A42614B2F724D5947744169347A46304D4138304E4948437536534F394749484149585342724C66455536566864347246614B2F7245346D757A417050696A4D54414F59306D2B496C77337A3475343134674C4E576C3376622F414F787352594B6B414B6B454B416B664851446D6D4D707A61352B6A6570615268484D726C4D716B795A4A39726537536C594946456469566F713542534F3334704C4D54696938657651442B36557845367730793256364E5546687A77414F62513559792F77424E74776B706759597748316B61694B5850355652434A7A2B4255486B69612B6B314A75435266636A36525934617176527168754F5741447A4E6A4F7A7645566E2F41436F765058374A2F644F4A4F5471714169565670657A4755374A4F456944395538336C5343476F5439636A77666D365541537178616B424A4C4575692F6251364D4631496F6E624E4C6F7958566969774B77784C713337364E4B4242455A742B646F474650665A6A3755754A4E54707A5279655A73506B786E4E53445572776C63534F4972306A7A485A45465973547A547A58496F5A704A572B66624E667A5736565342554B79737039527551386E4966574B415147755372387A4F3367775A56736B6F6B4C6B676E4E484A4D7A592F51504E654953744F426664666259574F634751563173674B7A4154434D307478675846675478785847375963775946634D566C75475633515443676F7363346378726A5A696246782B4C376A3832487077364C4F52494277523157705267766B636879417355624B70414336745731425A6A482B586345613736475070547676564F373675667148626358463177593476796D744779675552736A5549775879656135695761667530565254784E5234617A4F764D4D472F6A353254367077467635667A75586D563758722B653953423275657634376D32737342622B58766E593851754D73722B6659345A4D54646756736163683235495A547174645876704C46394B49577A55496352645633456648625A476B39637A4A4D7539304E514D6B6C5138647067647764743649793467366A65757233306869326C47513759674D6F31476F774A7347746A36384C6641484D593244326C3637426D334575525931494866636F3667523979332B4F577A76514E7A6274774C6B584E5752323250672F744D4C423777394F46486E615867424B7567564A454B7A4B636469464E515741585677416F7667425A6E656655376D2B4F4B4E642F4574436F314E7A4A384A43334B382B677071433053794F434E535249737A6E48636C526E536A3449434A6F6E4362466764585A3464694C74547058657264516369776E4D5347706153574F6147396C7059593567554741454C6B424275725666644F3730624A4A6B42385479384A574F6D66623574686A3458626F664F62754E444E52674165434E3662466B797A46384537737041585A795434335A59304B652F77415843594F5A432F4A736D31416275503244643237564C3654733450576D4A4C50685341366A75794A4C506C534161725876364170324D447075357541743250376A737531454C36516349745259723249773974686E415737554A3369314A59317A79737A753336576258664B796538463842483671445A4C62456C306D653948423335706C63567537612F3761514B744141674E377A37525A63364473316C4B756A2B6273316C4B75685558696F30726E6B337155684B49612F7743566B696D46784737466F2B654475467A4270454D56506D6A5A77423630487A766968465150526C79736953725A6F47377852674D34713834556A35424F6561304757363855594C6543764746593674743830585A357075565154315264337A3830594F425053686F6D49493961556F3477634843686D6A52564D526539476A677A306F506E65427A615469633159417047644C545A76496A373641534D6D794B4151424E614151414E4B6A59416C594B4E7556357165524A66336F2B585173584D466B336A3830594F445057676F6D4B49396145426F6348666D6E527853374D722F6C5A42706853555362714A75414A4E5670764133432B362B46596A544D4230574255744232645430414739422B412B4B6E63506575716833505569753132306F306E722B4B4738705466775252475438506B506567635147346149586F6C7245615A6B4F71797164774A775075766C52466D6749394533566F414572582F61795454673468647955665042326F734968756A4833324770475736677535576B6C6F4E354849564C744A4B642B435869515530412B556762666D3544636930684464556A5A4E684D74304A2B3148434C4E524B2B6B6D7A46314675352F634E776F4C5A786D4C314B704D5530535A56573676364954464E416D5245754A537A5668454867506433454A516459782B79374A4F4A562B44685030706E6235746853416D336B6E786E357462374636347A624B71717173722B6D4B496A4355312B6B4837693136622B2F387A5177697A6B487A757944724D372F4142634A5364414F386E793746337470634973396E38675156484E6C50786F7578535571627172692F716A73556C43693469594E4F43527275674832316466794350326877697A3364697034487A5044776B4C397032436845715270587A4F637276436D4D4C454C496A493045564643614A39442B463965556D4D454F717455303465774E4548362F58797143326953725938704D7545765562666731304E43364A39564D59576F3356575671526F547A4B6372744B6850684877416744685434373648433433724C303242486D4C47517364766238476C686247484C375066396D4E53374A684863375062384A4848427A4F584F33767366464D45343347644965764334514C7347766E36303544746941774855616E6E6F4E526D485277615A713376453443366A4A736A6952335A31753869735A6538697054316632635A653869705230616A6A4148777775304E686C49667A734164566970353644565A67304D436A496475534741617255784D3242587A345974772B495A5838664F79334D565A5A766A33527368626C77506F7A50376258674B546C592B7362436E427179324636624C3370596C6E667838634E506D34424254774E5271644F49354D59427A457555354945524C49316E4F63756A33634E5652536A4B6A435037542B327A71457163492F7446576E32513435727079534B713356714E4F4935453470794175304C4D6767677264645634633844554233483363577A42506F4E31596C6D4E4B4E4C547A544C2B3345636165515A4B785236425957425A427363724E4233583234674E306A3758392B586F486D50455A4F7044684B794E4C32597A6E3932545A6F5A4371544D6C474169414F4A4E3536665A503772524F787645566C2F623973344931684A6E5550487030412F757646485766504A5A4A567A667A2F3758374B33622B2F2F41474B542B364E42574144493476646E794644644D2F5373616777346D534F41354A2B7268554748417A5677484E6173524E436C754E55463078746D63777571785A4A69443461546C304F587956632F526E4C6F63766B433754324D6D4966686F487A576C324D3075754F785077676E626D394A32635244305133654B6D585A6757644A75337379374D4B33724E6C4C332B7A4430563265616B6570414F39642F77444153453741774F534A465856515847656966477044712F7066464D51316D6278524F4D417845657371676A663335436C6F4F36716C6F65364B6F4933392B42714D59446749395955784A57617646424931663076696C4255534D3833786F6B657759446B4151482B44787357626C656146444A4365594779502F51742F2F396B3D);
INSERT INTO `user` VALUES (3, 'michal.lechowicz@gmail.com', '32aac5831330a1364df6df231deb25b3', 'michal3', 1, '2021-06-12 09:54:57.424944', '2021-06-12 09:54:57.424944', '2021-05-06 13:35:27.000000', DEFAULT, 0x206956424F5277304B47676F414141414E535568455567414141494141414143414341594141414444506D484C4141414142484E4353565149434167496641686B6941414141416C7753466C7A414141446467414141335942666457437A41414141426C30525668305532396D64486468636D5541643364334C6D6C7561334E6A5958426C4C6D39795A35767550426F41414241505355524256486A61375A304A56464E58477364625058553635335336435546517448615A3655773748547574316C4F644C6D4C647172574F49516C68453053746F32335A457049674F7745455157525245475148725662726372537472585548524E6B556C336130746257646E6C5A4C525652416C6D2F75545979435A4C7376377958764A532F6E2F4D2B4238504C492F66362F64356676336E6666665142776E794E494946484D64424572367751696561757A5A2F67744A324659332F44354965416B4441483065352B7A534E347045455663455967564453366969476D4F456865374C7079724E48716B6D336663686C472B36742F63764750425752674F772B63486D79566E542F6B746755523579455771654A5948674876474339783834672B4E5870414B6F78656B335A562F476941676B4C6B7973304841745153714762346634523335424138412B34306667677A4F632F645036526C672F43436C67707450416A694C7A4166425352674B71416E353672484A77714538414B7730503262474B4C2B6B3638614E48796833424D49497230694332674133446547394C684A6C4541384169345461393152332F39512B4576503779383037486F616A4B39787345464448455547776E516641396C582B734A452B386256556A652B765558374A2B4F6F6D71673045346F6A2F5053594A2F694D506747334D643065392B3159367A4F2F664E33415271386961424A47735779425A38546365414F7561503561307653665243416C70763044573679794E474D63445942337A6E304C563951326D7A4E6656424B51514F4B484F6F624E452B524950414C506D2F786D5A66354E5A382B2F4B5261496968304371656F554867426E7A586131702F70302B6755524A4449474C4B50495A48674361652F756F772F65726463322F6D7A3055694D6B6745486A4B753767794F75414541434E3945707074597636646846456159666F59447845565633674161456E797847327870666C334950424C30615344695341514B527035414379702B72316A49396867766B346A66524B4A414E424D4A496B5668547741464964373776347265396B4541426236586D5364516C527273486C34794E3532337A66784237615A7278735A4548634B526649625041426B6B7A73353744542F646E2F41507855503934676763424572392F49416D466631763453712F6A34324136435A50504A566B7A554638304E78546D456D4434434A4252306F73466659627636644F514F7646595154522F4A626246745177725968333261756D4B394E4570453342586A524B512B412F6855393077617434654F41554764564D39776A475271366946534250414144712F34486D5A7A655A5837536948785A3257507A59683769416442562F5437782B376871766A5A56764249314257476B546345464867447431542B526931582F34437868416D475745454567556378316541425147337142362B62724A424248454E5943386E6148426742312F4C7A7378587A747774496B34726B434637464B36624141304C2B6F6B77306451764A467051344A674B7433624979396D61394E45366351446774786D6C685634564141614662342B43563332694D416D6779684E497030574E686E71785645747372346C646D722B586379684D4977776C704155654D51414F413764396B347A302F2F756F4559346E55447472674432525A4A6E2F33326272357533514365415354724543712B73327341384C702B5844303642674234746A434B6546686F3766734B72483331662B6B6F356D74484243733164784954336E4236775334425146662F77343751396C74366E7948754337674C4663353242774465713866527A4E6664646B36614638423745396B6441436751485934496748614F5145476346374172414E6932766C2B6E4A774B305974763677647654785956324177414B7747576D672F7A58786174676D6A77544671707A4944593344776F72436D44586A694C59743663456172346F686159445A66424E64546E38654C7753666D7571676F37544736487636303061345A2F78652F68762B4268384C50344D2F69772B427A34585069632B397A525A70755A2F6B58342F5A35476363436D35724D73754148435678737968302B6A6E33307348373768735746575144377433466B507A77544A6F526562707A47526133576571344870444D6678555851544850697541625A767A49486C744C6E68465A384A7A5377794467555A41354863565352542F345477414933305376715A7139704F426154417A5967306F313679444C52397667502B6971375058536B6162416B43663270464F3769754569736F386B4B566E7733545A61686762654C633878417449525246584F51304133737146644C58507334765359484653466D7A62566752586D367473616A59704150723063303052624E715942347655575444474C3561344C384430316A4E4D442F314B7A544639334E4A56454C6F7941335A2F6C416D745237506731736C696F7962553731774E4352464C594F61304B57627237656B6545425553414E63617977796574374F6C456E59567863505341416E366A4963426F664F394E56447A5A6B2B48347452516F7944636243714733343673676454735A486835735171637A423853566E4D576746472B53555958664D795770384F57796B786F71383643363756333966466146536944672F517162466B417A4A6B7A4232624E6D67586A7834386E6C754A39503268724C495676442B524233665A306A6644502B4C3150436D4931353534795A51716C633738583641587939775030616E4F75616B415A4C2B3350684F554A435442614B7266706768456D712F38586A585749456C596E44776849662B556B667167787770696F416A4235386D534435357A33376C794C414D43664D33547537506750445A623367385145334E34626E69706D635064794A71762F4866714D317932664C696C4D4D686951346C58683443763131437552384E3857415442703069535463464546595071307165446A4A6453726F725277672B58467364436D67635030626C5970454374614F4164412F36336338444B7065374E687867446F61697777324535764C34793173416159424C4C6C415A435845675A377939587752555553354B384D52395630494D79642B34354641455173387A4863423267734E416C417633734942347759384436456E414A4165357558626D4645724F6168445064535862412B305742414F75727A47514E6746756F4D476A7033545067537867446F614367775746346369384754516945446D67576D6269646A644E7258324E327A5965706F67774735655749645977417339703176384E7A463652484D31514149616B506C7862457773726B456F395045544B562B667A5631362F512F463872516B472B4E336F4463714D7378614E4B4F44584755415A677759514A3856615532654F344C2B3966427536675A6F41714159726D7651514275314F58714C53754F415936466954554375466E6F346C41544548334E6E444775496A6E473446585265315A2F45676750326167434542306159444C52672F4D41557A30384B41487765556D7366764D6253677957453866417A4B78674A796341514F612F514C4C747572645342553237303647395A6D42745943775A744C64434453464C2F654431317961626C4D656272344F76364233347644546537477A666759314A4543696442323935764748572F356736355131496B4330306D675471587A5A63566C786D584861434B574B387547514B367746417045704A303531595430684459634969325230464A7957794C673363646171634B413273303971435651504B6873744B4A55616F47566A47656744514635314A70584433796C5555416D306E4B316B46774D326D556E4941476F74687446636F30424554484673754150414155697364426436364A5A63313576635154674C70645035514956336D3435672B77496C4F4950716952585155656C5A6F46477341364777756F775241534971614C67434B4F444D4B51463932426B3246686A336231396E632F4E357A477A56564F616E3533782B6C376572486D73456C414959674861656A344B38755655483332593232766670506C5646712B795771574C724D7837456377716D35415053464A79443130684741697170734779344171615255395A2F65583043582B5469474C334E795051443634766C30424F487667584C3476616E432B6743677176396D55776B6C4144772B554E45467746724F4C676842583334343068553641694655784669394B65673657553670366F2F4E544B484C2F462B51487558306F6C4255674556306459525536536C574D2F2F57615770562F2F624E325852322F50773576796F5946654A2B70467136676C4A576D635638753638786E377A71622F6C71505A336D4837536247304E51595A3547756B5A58686E44767A6A786D562F315347504A64717435415A3859504A333347324E57396761684145727175446F466E434F5273574D31496A2F38476853762F32476435434D78514F712F2B642B787966774336526755364C553953512B635A656A7147585333554A6E714B7931625461547857687431754549454B397942534D3530426D786B53425A654F6C566D553565746F4A702F6B75596230595A4B6162764E726D636A3373327150494654417679433130786B344E334549784B784A6864626D43734B7276674A754E4A4A582B6275333573425961536A64356C7574336266354E6E476F6F44343042302B6A4A33334349624D674132365A614262774549394B6775666F6E6E58776A345552774D5233743261377A347164516C474243786B4B4A47546B70512B657A6A315870566E51635950492B424A4E383343747352776D4C3155795A54785775734E744659734B2F51656B513077454E44347264644263506A612F3832535A5A6C47486F576F6676343972426A7A316932734A335A33497635776F5A394C383355684448513641327841386A76514E3077446F37667839765246367A6C5A70684475436665634D48387367414131494E6E3179694D326646334137535853467A73436D354B36694E54397774626D5343664D7649626E786A347A52516A414A715A4F75344737356950366C5A4D3846794F6B3076773370426636524D594D7A68583257426E6573647868636271522F366A67354A343075383775527072456C377178366269414B6A4D715334446F4C673647536F63556A3131757159487249436A6F41574F53517A77303866667230735072362B6865514A6872544847583672736B664A414B704669536B77373550793648397A486247644F586B4E736771796F665A69685354332B6631594455496F7A4A4247706431522F4C736B6A323174625642786C525455796445735872496267424168587134736246785056496E456A6961366F3666674D4E48712B485145664E312B47674E484B3035646862466269536E41646938656650517071616D476B633076722F713678754949634136556C33626A6D49346A4C4D416F4D49484F6272354F6832724F30344D41465A4E625630706C77476F354D3358366B523950535541716D7471762B4D7341487A316631634E44593255414D444E414A64726746726566457342714F4542344148674165414234434941683272717A764C6D5777624167535056585A7744595053434E44656B485A732B506343626279454158783438444D3669694A3964785A4576636749415A4C7737306E6D3854527750414430416150594E3941792F35534B4F666F585641434454787942397139736B6B676541506743306B3133683353356530612B794567426B2B46696B692F3333427559426F426341375735685964304361655272724149416D66305530672F336267374E4130412F414E726D494C544854527A354A6973415145622F71582B317A7750415041433635734256484F764B4267414B44443058674165414F514330473067727A746B554147547944474E504247457A4145314E5458447533446D4E384D39634245414467575446437073416741782B464F6C48726748513074494356363965686435657641572F396F562F78752F687633454E4143646861492B4C4A47714D4C51416F4D2F55774B4C59426350373865656A70365146444C2F773366417958414C42304B336D71357239747A7450413241544171564F6E6F4C75374730793938444834574334426744564345686C725451416175516241356375587764775850705A724144683568742B3043674449324E6E6D5067535354514230646E61614451412B6C6D734161476F424C3157634E51436F35526F417A63334E515072436E2B4561414D3665736E5A474155436D5469563544437862414D444476503639666C4D7666437A6451304E72414B4474433679514D776E4141533443674858392B6E577A416344486372454A7546304C2F4D3449414D6A51696152502F325954414A63755854496241487773567748514A6F656967706741494A2F4C41474331743765624E42386677375538674A363877426C614155426D446B4E7135546F4165487A6631745A6D30487A384E795A79414E594777476C2B614E386A55765644644149776A3952384E733846584C7834455670625736476A6F304D6A2F444E2B6A34747A4155626D43464C6F424743725051484172646E4149395232557856462F45514C414C636E665470354147774A51416735424D49514D4765537942774141716D597A774E414877426F614565784756415630514841787A7741746756676846635531576267523473415143594F526671644238433241497A3053615145674A4D516A77614368316B437745537135764D41304165412B344930617630414D354A437067434934514777505141346C766752387053614162467976795541484F55425941634172744959616A756E65637176555149412F644D486B627035414E67427743692F4A47726230676D445963774339614E554142687669666B38415051434D4870424B757255556573486A4A42452B6C4D4249496748674530416F483641694E70327451497656536B5641484A34414E6746414F5638674668786B676F4152336741324157416D30383874593667534E5A47424144365A2F636A58534D31664E7837476541667578615771746470564C70704B2B7A5975597358307659647532444C316B3847716253384376494C6967307162333052524B666C616853526B67506A677949704A4952432B68345A39395951456743654A6A55664731395157414B46473369524B43633348394A585A784E4A70695A2F564A32724E4D7144424944354A4F592F4537514B31694A6165554F74417744576B31495A3663525147676B41435351417A4A4A6C38575A614751416652544968414D72444A4144456B51417766746C71336B7772412F43767064466B4149695642306B416D45446142346A4F4B4F414E745249414B7A4E79794A4E4230716741306C47414C314B547551413876795144417550575158592B337864674449444D4846416B3538433441504F6659596A7647585352524F595A4767583848306B7A49417951676E652F4141414141456C46546B5375516D4343);
INSERT INTO `user` VALUES (4, 'new.user@wp.pl', 'db40633c6e183b8ff2d764ee5597a945', 'nowy12', 1, '2021-06-12 09:56:54.245619', '2021-06-12 09:56:54.245619', '2021-06-07 16:47:31.000000', DEFAULT, 0x6956424F5277304B47676F414141414E5355684555674141414B73414141433343415941414142742F4B37354141414141584E535230494172733463365141414141526E51553142414143786A777638595155414141414A6345685A6377414144734D41414137444163647671475141414468485355524256486865375A335A6B7953356B6436523931463348394E3354772B35532B374B5A4B5A5872706C4D786A575A2F6D77746E37513076556B76326B4D764D706D3475334F776A7A727A546E322F7A34477371474C50634D62596E436C6B7057636967514151434C6A3746773448496A4B697452616C4865326F416D72393572662F7441507270364356767531316171396271623171703356377155784532387152666C5357577170495A596738396D763130364C6469614B32717447474E6D524A314E354B75375855796B7166746A374B56344E7235385332643970692B7657766675463475376E3845636B3442492F67443377715937305761496D4E562B4941325361344C5049425A717645414E41444871455167493259477333742B3049377348346945755A794543426C59514E504571396A2F526A4E7045732B49493030594D58455567337A577177706F4D524C34384F4F4642504C3374375976692B30412B736E4967796867304447514C317164525349592B444752584263677348615355746844617832774F4E364B61427157336B644156597756687051417369414C4446776257376646397142395164536D592F61347555305A4F67346A3353476B7A4347465977306551435576424C344242534263447432466E67465A366456446C694A58597669334935434D2F382B30413673503543776449445546692B6E6D39736C724D4361666C78754E414C55534D75566459794656586273727842515A474957317057674C4F394863674E543675644B6A75384A3763443641366B416337575358356E54684C57324638746C6D73396E61626D597034346B322B7632464E6F4732484B783241444C6A6B414736477131644E3232414E6C5236486461556770747A58557731634E48454C4B4273743048416E347544576C2F50766546646D44396757524C7156445368647274647570327577344162376D5970646E734D73316E56384C63516F4145684168636341506F71336C614C5764704C5744504A7064704F726C49792B6B6B7A61617A744A684E6B3942716B414E49596F34554B63436163777A572B324E626432443967595156685471647A7362434C6D565246374B63424B7868563961786C775070726E627070455761584A366D325A56414F5A2F49544335537437314B67313762316E522F4F4567482B2B4F304E2B716E77384F393950446859646F623738634A6766586D32414155496F7363352B6538653042626631454135764A492B6C45715A62654C76642B4E464C45774A6A38554B777041415773424C555265444F6B416547363349467746576842342B7A335837797365446F6570502B6A4B5465696B556265667876314261766643657251374B55336B42587A397A586E36662F2F7970544B364F6A714E6842754144397456647A7A4234754C426C747563636C48672F6C3342616D4A50536F396856427333704243576A457A4B383641624F514949594D574B4E73464B76764D305157717635393775716D7734484B57784C4F5A7732452F3765364F385477703351525A5658347878616930427459346933433258376653566750726C56392B6B32564B464F683739414A623258785631794B48622B696D39335661364E3243464F5A5271665671354F544F543166775258587634425159716131536E774245677858497535764F77714E727561454931314A672F487259467A4C4747382F3030476E56544333395644666E51355668715A7157324143707567717249617163306E613354752F656E36617576663538757035716F39667171796B3664504C6E4B594E574F62566E35465A6238597778734564307A734571704B4A6B4D365A56723843695A66426268556234424C514B4C414A5166517741454F55304233374369367A5644764F436A6D666C7749482F7A6144386448757A4C7A3953777275476353366D3051787532792F47395152774C454C504578555A4C4676547432306E3676372F37586271386E4D6874474B6C76584679674E6C6536636C7471316261576670522B626A48646D337344444242706D6468586B59544B5A51636C52316A4A70474868466F59424145503171712F686479324C32524F41326F70586D7147765A706F594C61664B6D79664E67394B6A6B2F33306C7A39376C7637367231366D4E792B5030386C5252784D6D774D4D6E4147674C37553645734C474378427748617772705344365A4A6E49463372342F5335645838395162484B682F413556305661456E594B704E7464585779574D6253397363682F627643573039574930486D30304357324C5A69686473664B4F4A564B357366456467517741414C5147623561625753685A304F5A4D465867716776665467364367392F65784A2B766B5872394C6E727A354C7830636A67526441436A77416E506F47456C434334706559484674484852434D68612B7248686E46725453624C644E734D5A564C49582B327979524F506A443939496C466E39324D393645645769612B4C3754315941327944524C77704869464E706551544F537947422F44366D716C476678696B70597257564462753455414D35502F755A64657648796566766246352B6E4E6D382F533079654861617978486A2B566977464C417A51435469676742466747474B4461784145773434736649315A48386A692F6C7138724632493863422F6D6B346C427A49544E395632566A3664577558326C376846617478367330716B4968614C6F6135434738726C794C774A67416D653375303639586C74426C7061686674424F623735346B56362F655A6165507A2B575839715278634D6143736741686141477646776C363971564E65797751654E5935587A306A78466C6C4C6F507871726136715430384D47684A3262794E3253704632704878314A5A47473947416B336B776A7A374D506E6E586C44525876566B337A44487A574466546B5741416D745572436F335366754745615778714C4F35724A6C38306B3661703650447666537A4E792F537A332F2B4B6A3136754A2F324E576B43464C3757723742676D596B3274584D415575364444734B6C307858576C627132654E476E6A3547686E43306A4C736536705830467A7647346C31362F667059656633616945774372697156576D7A34354F4762776F36304935752F6A5964746F6138416145364F492F7A414575426A7179797736627477444E436B74356A4E7066356C4F5A4E476550582B536E6A31396C41344F783736754C37586E64716E4C704B69562B70704565646A487038787441782B45535A33344A54503639444679757742614F334D56444D754A4F374A594C4E5065586A2B396550596F37652B50314C654A576747734144666344454471347A71512F6E6A594E746F367934726935334E38542F7A4E504E6C426351714C685541706B50593156485039486F4179655472616C302F3637476C362B654A5A657672346B667A5276712F66553437536253514241496A4368347A6D37414C6F414B3544344749425946616D74346D2F6A634975306E613441573550507A32354754546237376653467A39376C6A36586865393136596F6D655A6F46557263743132416C30433446374B583643632B4662384C4F73743578757132674168356F70566D365A3959435271636A5337614D6D30634137424F42382F50584C7A544466356A32786B50744B497572646D783573575943425A676A706E6C4152647A474A7A58415A4832564147496350586F4146456D70777263532B36734F626F446159482F61433844547A6A6F4E684E4948447737537931645030364466535A64587036724479634A2B39432F614C337A332B333335327A31766C374A746F7130424B31515578437A646C7A4F6C65504A51486D444661733031724334585677596D772F327A5A796670384B4366526E314E6A7251374F41434E574D6875573470584267417045797077456248416D514E2B5A3851524445546A357A7341777A37553034645459313041712F775666323352726743327135507235486963586E2F2B314A4F7639576F71312B417164626F6441784D2B49555952416C5234336A61714471785767583649532B436E4B496934574E516D41596E6C63696F41796A633932553976336A78505435386335794657566E4F56397864594246753141776755413841636339643078494352454F446135484E5A6A4A674F6B522B392B7A6742666830764A6C6B4B2B66685936544C35617A4F786B697579584D2F547964453466664846633176616C747741546A3647667659704A2B5669456537504E566A704277664C365276623952475372595951635367347747636C4B2F5A3241367751696B5278784379796336645457316271365A4D48477661667063504476734151513778626356763630425A356D76454459686F507661736744715259596E50465A6C436C457273654F796E2B4E71494F783876746D70635375357741594A6B494C744E4D506D752F31306B76587A354A5435342B564E34367A5764795A32597A4862596C4E32456753797466572B6E67526275374B2B4C4461665A514C6F647A615831554656697441436E4465454434566B776F4F43794A3667415930554A414A5A44503355386F3835556D55493866505242774F304B7A397045316F7A372B4A38474568564E552F4568556D37556449562F486433776A67414C46366B2F757148362B4A3745623966502B5842496D5537317A586E534E45323868587472702B645048396D50334E44486B5A4F5369424B355047564573412B52455548762B7145317A706D3977574239565A316C5248724776385373515777315A4F5369506F426F433430795471637330314C7A70795764376D6B77646139496970616F4E774F67376F6249536C55536C7355322B45454B676F436A2F75344D4F57574936535078643143786E4E376231342B4D62384848636D4C793155722F5439394957467954363674657A782F73362B593754796545677465467A4D644649634F306145474C646C355544786369446A766C7253565A48315945564B326F6A426B687A69447571384E7536387555594E6A5754376E6531765569482B3933302B755744394F54526F66616C4C416851634E584A6C7365675542364C38774455692F5152324B4845337A74414A6634324D6A4F527442594970522F6D7053504163554C314246494E373275645A44724275737148502F3471382F436F6E3735342F54676437666654664871754F6B75764948414A474C4379724C575147304667307559443673767057534E5642565A45664D4D4E4D4E4449793256536B4A642B4244695770523463483666505837314B422B4E527570706465543844552F554161626753374B6638334359786D51584567436F73612B374148777673582B4C766F74743176582F756C2B4C676A596C62345A4D2B6B613836536E4F31613646777344644B7A35382F536550685747564D7274524D2F4D512B68507770644A327169366F434B32524268793663446F424A696637456B733943766D712F32307576587A31506877646A575A68314776594748746135485241466172644E4738536C7A636A496F516D6D377875612B2F30782B6F4E6A4B4A4542692B556E452B4353396B636470492B6358504458455A697064586A4930745A7A4158615546744E70366E4443307053435852343346573355544E574231514B33416D4C6934556D57506779422F4A5635735A68713171784A79504E4861572B766C2B616131654F2F4D7253695A4F33694838642F6A456F6C347538626F424A2F483272753437522B53717751466A4669663041654B46547768417232784E6A6834544139657678492F766D416A4178573163386E414B3654303953766C4B6F434B334B4F59544948514375725752544455673833505431362B4343644849393835577131344262416A71317247554B4A3679543157312B666E764243476B414352764633386D41766E54773855746C63514A5A79585548796B63783841343945524B6A56776C5946566D514E53474E6F793561476D473070594B6C5A3865486851587238364D697A596851574E353041614A536141593646715A4C6F50357A434D7A6667354A5550774B6A6359572B6439735A693268504A414452704D5737414B734E43724A582F2B73427156576C676C39587364515A6850575256754E37506575726A7877667933594178313539384C636F663776716E425674677079736C6454303436586874315A5A564879615634504C42385546363865497A7052655744654C70386578582B37647873674C6547716B717345724D74714A59563677453634686B2B6D626F74457A443064422F336750515A73786C557047725731586B756F3071536430476D4F5A4C6B55383857306C6B346C2F6E37593148666934426A7A4669306F6D4C45434E4B6C4E664B66335757315438495739705A7A764C74634332472F4659364F64784C65384F3436796A385767436149617236444B464F35726736417044777274676E4C556E7847437369437643737A503239766D3867447865426D31793451424A4174577A5973554B714371795134576573436177575041705A7056472F373866765347766144735878415A646B73557673647831585277616E4F672F577A43505359445075482B433042496534504479336F4D2F2F637841482F327A774C67465774314568565166575541344B6162767A62484D5666797A6C44456479415643696131416D355A45413145525A5231466149616E6A356F48594565414D30506F716D2F6845467551504A497539765433764676384C34774B44366D6A2F674735395643465951786B73694C653539476A6872394E6F4F4A4253776F2B315651576778667034572F75694C4E714971446F43714D596B73644F5251577A5878766C55574873565A44776168367734735A6D4136524D6A54703043714E414E77433630306D49316B774951667478526636414A42582F7238784B566137466B4538733276746C466E4C4B6E3234696F4F674B67774D79784179636A6556684E62436F585076533759716C716E5936504A424F453075474746767837546C7141765150726A30494672503650767639454A79765337615275507934782B6A59504B5350384F64565750595A496E7433766F5A49326C4B36526A4448345541775050676D46566B386B44554C4147485534563463387056426F5A61556B486E56452F64696E52716F4F72455662586A64557A49795876335977314B457346426D546B4B77386C4650792B614746694B6F6A7365472B45384E4B384A57426D6F486F65677249674E4F56473839394A316F4431415A7A685653667A3571565A55424B36696972312B2F3741524E575437456172684D4A3471682B5856596A3065324374634B542B66553350766D7266503463325535647555676250313666414465743155663167565761774B4977596244566C47556441465970707278775970734A4948346E55634579434C443242774E5A566F455665646B43497A66587249377138316B6C6149627A596C6D354F745074467541535636714A54304362303151794B4334515439614F473949424B6F3642354A537231555A56756746596A365A696D50486166324D7A6375386C6D586545594B41694B32527A4C52454147334764564E384579354B57324756646D5679562F3835624F5170593376744B5A7431676A564D5A6563534435726745485A646563363071715436776D6952316159496848782B312B4B6C4574727A336C445A59424B5569746F7438796B5173313671534B675872745858774C446372783946313062326A3236786248413335424E55726F457242656D3066624430695762484E324E48336F657241476F4338586976307967424448576B465841467635484B49764D626D31704A357630556246386D2F64564E315949326C6C31694773542B6D49633572687970444C3855564B424D746C4551656A42614662595069506B62776157786D426F4E332F48714C70487171304C4943544B546653753175787973433838557946434E75697249326C6C654278367079503064523244596F376D4E5554745A796F684974466B79756F69794C7046717144717946554969564969317759514379556B6967744A577A72444341537A3570714D54625267577342473976386869424F4D306A72316171304C4B476258563649336E62576D316A5264444F74564B63333142654D393432326C6A51456E492B4176476C567166713562383673495954674C2B4B30496B6A6F4151763052536C5A49413676784767456D386A466341537736666C6C47586B38687871705072634142536854314D4254595877735A4A6363702B6F794949595752535A354E6A6C3562644F71672B7342596D4B433042745552556972615356633938492F684544635A454677676F356864687742335A672F66456F41355656414A54423835376D383858314139634171754A51303332694F4645447041727475434E747356696B54727354386B4634716C4F72624F6F47717977494E37464D4A6C4D72706F44566364532B527754662B725563317237666C2B643738526A3374752F315A586B6B77466F72566573476549674474414A6E49654F3441446179376848426435614C30794558667076357A71695536674E7270764B476B68577631466E45593451674F5161686E58744841714C786D4630676A546F59552B5154354E784E56434E5661566C744E63416A6B644A2B4B37552B7471706B463457527668576745746449663944336A51554E44754D33416D4246506C514A79387032684271704F7241616C487741706E777A664E6434787A2B35614956763051683149304458635A3145372B6C376341614C6B675A79554F7846663252414F6C6461386E6F6B454D754569337236624D6F72704F7241476E39366938666B6C4B73797643794E68776F585A526D5731676A6C45554A2F6F5358765579466C44447032454938427670434A4C36744B6F374175635A6738346470636567363571467156564A38625944574A56764C4A5A6A7738397A433132743130646257515971496F36734261784752766969716D7A506D474F7A2B6246694A7546773535524A742B656455586638485743647A565A37306F4D4D652B316B6E56676456446E6D5565496C3970636A57663862627279456356586852337057764C69674B4A6F5671566451323349462F38734B574D64317956327961424C6374573349303258385A6A51654D6C644D6969534B452B71732B79596B55457876674C746D78474E78374F787238347555555153384A3275414D4671714567596A6668332F7149666A634247304174674D3042357058484F6974504175654A4C46685A6E6D4562514B56634F3164496C594656777262566C4C537849724968764678334E702F4741334D33536967716251616F78505553724A665961624655386B496D6B704879466F74566D6B7375692B584D6B367A797744704F3946724655426C59517A4D4D387A78746844644454326458615471645354467A4661464236634E783057434A7434514B304969626148576168316D5162767546627065586C326B796D576979745A436C5662362F2B594E466267536F7848655636724F732F6D4139434D7330486F2F537959506A4E426A31505279574F72596770684A7643525538455A744845466A3452544A73387A7251586A6F36326B2F376533743244667A2B42617A727477536F7848655671674F726C366345314D56716E67344F44394C6E72352B6D4E35382F53365052514E4B4F386D744C452F74734654585A4D6B6956384D4E6E415A6F6349303232434142767644644B582F7A73526672357A312F365A57363851704F485862413233517737792F706E6F6642584455674A4673747865445353556E702B4E71737869733638734667456637635638494D4A2F6B7138595A67595073754945364146735076376F2F546F35444474482B773572777A374A657A412B6D636B3256557269746E75574E615547316D3455674E592F5638734249372B3471635262794835704655635A3669447554566765594D4E4935416D6F5A4C4A6547386F4762567A39657668767754766C754F37537457424E51686C704E54726434314E723676714533345A47626E6174704F5A56327965672B6D796E4D57327257664733374458743878695361394F717443796F68394455785A316E693044344F5647624B794474656536323033694D39414851694F74504A2B32354D6D79596C303174564A2B4B383258553873733674564A3159473151424572656E463136527A756973654B2B435A6A4B686D77546A58694C53477A6F352F737477645169536B494F52534C3676634971433667506238387A32586B357A714E34465A7A66466570536A64417474532F5635657946704976756C704A4F32746D785A53684B6465425372776C5A486230592B745A7472475941493241644E7261354B38736B6F666A6C4361584336586A4655504654323047714D52336C616F444B2B4A6B734F753042326B3657556A4132685A6975554C6A5A5330704A3632322B506B725A6963443165646D426D6D32726B7969576D7457527A6F4B38647A6131624B646C67747474776B41396A71556C7856444F37422B596B49314447314F7246705341705942505448636155697A78614751414A563453386A73364366472B516A655673676E6242594946513341654E57375A454E4E355838735143572B7131516457494E5143762F6335493472724774736F30412B6C4565415372776C5A48623034354F536D4977634F307667342B4E52526965775969354863773846636E4C6755394935754E556333315771454B7878396E4D504562652F54576654314A475177364B34364A375152356931614C6930696E5434414D52316D6B796E615135595335564B71554B77416B7A394B76444B48503571374E766B62466C7256735766534C41754E48724E4F637643346C414979786F6A6B44326B53716C436E785866464631773557707056384136735A4C756C576D39535461623137494A6D635445453641694B2B6537486A765552395742746369363034746E733836797A30707558424334707754726B674F3354514A516268506B6876545A51753753664A6E36765A376C4A4C79474543756B43734561416D2F7A6163666B5962626B6258724B7A3358754A575777596A6D35534D4B39456D42327765677A31776C4E426C563259503378364E6F4E344B3873585538657271346D415661575A327736376976464F697369514136734250416373506C386C755769414641724656473162674472715668572F6977345A5A4B6C585054525848374A36726B6635424E59414E566E633975663875627956316B4A434D6C6C325651716C4D7241617275716A36534E4D744348514874354D552F4C66493847536E4A522F4778574374686B42306331553245673249736B7358686E6950654D33774767497075704B327A385665706E7A4E5A476C5945564B59646D75434C44444A665874313963586B6B52386C75377751364B4B6B706A6F79677667423474564573776B4F50674B63644B7244585334417031355237786D4D7546307563583536345139775251442B4247453756526E57435661566A7A464A6232514D6C657570784D3074647650365172546262383143737259365830306E66485933303732733275516D366C576F4B4248414E515334523449787057424A62703948795333723439545A504A4D6E563659386D4C65332B4C6853324E31455831755146436F6931457179384E6A644A635370686F7550732F762F737166666E755135704A455375564C2F6976305472574671334E456B513133344263654341322B48495761663431776249564A2B322F66766C4E2B74322F664A576D636C66623762486B31505A64574C346357366B66554A316C4E56436C6C4736766D3261615047696B38317566655A4C6732666C4676714B6C4F6C545555466A6341567355596A645470374B433644754168526647436C4B4D4A76416E64517149692F6C63767571463561527A4E73336D4D774D35754938396171544B7743717976474D6F382B4B33744F457257516F6F364F4A432F6D75753037496C6962703844474B4B74463074775152434946597758446B4A66653971774A6356674D757269586E6C4E6B4366334A324F643475527155372B71774D724F414F417939584356374649382F53526271666E4B7A586E5A7A485A636A302B566D41733535427048464E594A574642365474576C4F555042546A6167464244766551786D2B47724A38756B302B313663685833725761354949514B715471776F7174516D4877302F772B2B6C667239766D612F66566E5965435A702F477341725952464466426561776D4131306D63664A73554968444257347767734458544363766F776B6B61566C58416C59753030736B644F31432F5476347264414D597A726D63794674617545647A6E596239735170516A4A53574F674A782B47637334364442445669724A2F4542534C6C42307678454B4B344F63706C70636E56787274464639586953494A6461655A5451517135426E4B2F35524B36514B6751724669575531422B774974424B6B2B6C456D363030484F366C7337507A644870366F5346513767476752554561426D566B746F44674737414B744C356E6C5454675179524B69316E6558494D374E4272747134354F3357346E395873616565514F514A7A63694C4247716B2B46566771576866565468492B697243637877385061316D6B366C525652415139767378565259526754744F70574B71584D4C4B6B324A794A7077496F4C414739595675566F31476D784469305A4650636751716D726A517170536A6341425A58687A4D4F664E534667456A546E754C79592B516F583174544C5651316C326869467671736B4C386C6C674E6F5046532B727055356362633831305477376D38684636706C56312B4E6A4F5847434B3864796F36772B716E427776456162494F68503541556F425648666858563179582F6D6C6238424E4656496F33443272704F693633436D6953537551443535595A42483156396558516D734866475A6D5352324D544B412B527858534A563663746C6941443472514E6F4171457079545A794A312F6C5A4C496F62704F79425255466832712F6B315572774252504D396D47364C662B63756554352B5451743537684863674751683768465049445473744C4863694B756B4B6F444B324B323336555A4D632F5362794E385931577845743275686B433541686558452F6D7671716438774F6E6775696977546D564278653168574F6335414567437A4D356E363352354F545766794D4638416B7441716D3237516A5341484E78536656516457424730687A52394147706253674F30446A795A524C2B38612B44733744524E7076487968366D737A55497A59367450322B78644A785767356C6735764F5343626137695461347566466C567767436D42696C2B5050644B4F4A33357270582F437345714A57412B6C4C4B46424C676F547947734345733679612F4950442B2F734649785065736B507735726F384C5976305A532F38306A4D566256662B3578795851367A6663417241524F31636C79386755537362745374523159663252433049415263574D7072516B704A59593978564C57556A357275394E4E703265587671657A322B46694154747262774F57466D6F6B2B4173657548704D5950325578796939665865616C73717778595648783467486670475239737438713852786256536C5A62563135474D4C516A6F43595055724946475346484E31655A564F54316E4B6B574B3148634D694F787536315A46354E714D42574A4A6957623771566672772F6F4F58367A596E6F3734656358434E714B39507057787671454C4C476D42314372424B4157773754326D69745962496C527731626E4435357530482B5856594768576A744178592B363435754C55633377567139716D5A44683744556E4C69385968503767563466337152706A787852524F75314A47376B32586A4858434C636E316257464F64714B304D724E64674934355146425057737A7756723657593664627068394E30647334735766767851656D554E304C4A757974552B6C4C3656394B6234563339466550616271653348383753757738663741377762313957434668724C6F434F66635366705148612B5932344E716F4D7241692F41465A434236544F7939766159753078726C3646306961545766727767516670556C4F56714B654E5A746741344935513655767058306E727838456639586B79573652333738393965626E643564564B556966677A504A52456B78485144715756303558534657423155717949766A72796A6F745735704D3557766B566F69414F75632B51536E4A73324335416B755659586E657670736F72534A70634B5536337771494F30436C54345479742B726D4E767A786239352F2B62666670392B2F65352F61765A354846586A336D785A565468336B77704E71575174686D513851517A35704B3653717747714C674E43467A4A67385242726773705A597A416C7679575A495A476A73645165656448333572312B6C392B382B574F45474C45716E5461564C48754775554F6C4C36646431554B62346650762B7A42632B7643786E6977717633463356433335554A3035737167503053454E33343554383456535A5A55565A416961775266414B4D65514A6642756C524430755079345775414E6458386E43756E37393164652B72784F6C46347656704E766250785852762B594A314F7758323177492B4F7162642B6C794F74456B69372B7238476641344A7571336F637479554F525A455465456E47783662684771677973434270774B6D314668455846797259567243774750576D4F6D354335527744376959566C7773562F36486D55546746426F6475412B4B6D70394B66457057396370554A6C5049466D4D6F6B6272467638513049433458315872416A4D6C2F776A6F4B69564E6852784575734449625A6171537177426856706F3458737A3646554B78596F522B782F63374B5534336F7044515A4435574E745A574655742F795272676B4B347274417A543764446E535245383741316443504E4D673350306F7A5973532B384B4A39334F4131534A31644B56554656716E415373434B7870495656365A434B56594D476D484370537947523935587975317973316E63493944726461584D6D467978784157524C74524D2F3552302B2B51684A68545878592B6E6C782F4F4E762F71356354733966707030422B6F48726348737139346B61774D5638582B3936746C52497433673838665370574256634B58457642542F546472685A6A6C68687651546B754263795767416B61416A525656757373795667466A414942586D774F41596D454C494F344B3052663656666F484D486B2B776961666578336B4137556C67353738386A582F7356724D7A442F7676574C5555534A4F5A70335558436978424933547538506E443647717743704949662B4941656F71774772414B6A667577417172776A3043667247753069693836496430555867425A306B543378567139724830712F5158486E6950516B7354783769564A61797558514478624B4279656E4A696D334731595A53472F496872704F7263414674566C474246784E4276685734435143324B695643556A5A4B37737249516267443554554355656E65426D7630694C6E6D4548684E475843426C6C37774E723636626732536C55765945743436447737764435772B687173427175434A314B384652354F6B54796A4245732B4A696D34704E7062502B5372714174566C47754374552B744B4D532B444A69635539414A504B6442336F4267666130423435455847557832397456426C5973376A394C5A2F7250476E506451716854482B49445567733678382B54612F4564356D69767A486278336374594458764666542F55314231595030755171465141562B78524356415746543764746F75666C36687577626135736E6B6F412B7247626779776333317146446F727648774B576D7277466F55565A53335558494F5047614965474F564D6F684C2F61625337774B562F7444663637357151695766782F38317937795545363777744B32304E57424655535767734F5932796951656A55617569384C5A52744546434A462F39384871744D374A41552B6A79575877417055365A58766261477641576852464B4D4D386F5A5368565078563069697A784356416430334A7A583764434F7237625636613955722B74744657576461504156425164614173334144414777423271654A6D2B6937523754357567764C362F5A3738372B73544532724B6F4F527445315548567347514838633350686D6742615432343554476F6B726438765061476A713548486D7A62716C663472744F394A497747413746437935414157767730675272314F567A7652382F6A69756B797341714A6243344B7344464A64636362446C563748413942506F694166766B736E352F344C4B69544B6970334C744F6345557669667339334142574E676F5079732B384B594D4E316331797976755A512F303472704171413676457A2B78434374445861596569786F5A696549533737493644377739514A76657546474357554C61743544744F384658695868632F664B48304D6E576B526667314F484D634A36714335534F2B632B446E376E50366361724F7368614A61343666567131346F454D687A5A5054657245534D44575A6B724C53664A726169326C717A53375438586A6F5A37627933797749634A5937723142774C515333394862555836663977537031313163704C61355372775677566270635751346870383164416D577A61716F4F724C3550733168554157347A314C7334664E4D575331574C6552706F516E5679644A796550483663486A3036756D464A6D36486B335857696877514741654C4844342F547178645030386E786F61797263705A7A35654F7269792F564B5342465075555458334C726F2B72634149623055415A7034355A63695639424733364469346A4A3150506E54394B624C35366B6C79386670654F6A5065656A4A756F374464677A55496E764F744844364B3934304D2F4468772F536978656670532B2B654A5965662F5A6F633739447341655879456A316937776F384466347234327141327559444F4953416D547842304C41742F4A66507561794D6F4E2B4C3357374B472B5635764F344D4E41454A756C69555574386C346B655276396A6D7764595447644C763532464738745A652B566B746557306E4D4C4B4F743075446746553472716F51703831437839356B79357956354C6C4B745A5368364F68683855576A326D586A6C426756784D5371674C715367334C44664B5356623679785872726E6E7879546B3575744D3431516B355169554E6F4F64524864567257456C767568595559334A68344C52613858332F7042374C352B51483632497271672F32747759702B6E49726277694D752B5A63756158477541492F54326453765777725A4B4D416D3472466743732F454A56305856515A574B41766146705A6778466F356742416C41746A68614A5136505147542F32544A7969355779317948694831714A4534302B682B58572B4537414D73715279754E526D507A76686B3969426C614E6D73437A6C536F6B796F464B306F676267524171346833502F4871782F46345A4556434B48676C48375A59343372424773446B3759494772526A6D73665263704F7631326D6B6B6E6D567A7A61643574476A7757346C7235666D614B6753724A52394B4B476B54677A782B367A7831756D3242645344724579556F6B4F565647787032336578544777464365692F374B575A3446785A35504D77446A7662324272474F544232446B7941564737686C75316265667A4B774972543871782F3872534C4B434C484E6A2B4D62684C444A56517A794E6861575A4E547539775A707643664C716A496D49764576563956534F565738533555455077464D687666314F693445384864734A415A592B37326555764673424656797657413679347938426E6D4C596B65333963425031735747626D37396D50514A77536F6D6772767263474F37535967347978415138636C4B634D686F697249676C4653434261694A5656784D6A5730432B33486A797437655875723364517A41475874626552354374575539566B7242512F4269514A6F5A35596E2F516239727639582F367256494B49386C75794B4A714B764965535355334D674A506643726B4750614A2B327144736F74615834635179567A3036702F507956395172434B6965424F2F53545232493645364A6F6852473468496251737A414A4762796E656C4A484F79676C6C715557616434687458386C53506434714F4E346265734B78344646372B486655703157567332486856307953517368495050755A74507A4E52587978584465532B384E4C334E6F642F467141717472536371534C4C4A454472656A44746A616454336D576B325761667A78694B524266683678467839457274714E33736632703663396A575747757552304A55544144595258686C4A6A6E56613030617A6667464A5971386F5057714E4F4F7678306A644A365934314774335173687333796A69525072714C3633637A33336374566F4B4763564964756E67305875415641624B496875755838316B33677A6B75425A7742512F63534B7630336A55535433576C7955735A4954627A75566E5848776D593630577375464B6C32537473454B32764A785A2B79507A705143506E4868687875612B43355948565463654C4B4C326E4F626F414A7A596C627A74767558745430316F38684F524F75662B3651664A4E4C636A49594B744141394162434530684655453561427968565772347A54505646306854425575357573306E366B316C684C6441734A614B762F4B596257637075506A55546F2B6B4857526F726971343866704F436A4E586A6F4759713257444344784C7541424D484445307079424A3535506A672F5330796350307554796E496469705A487164546A4A4A627331566B4379624C6636436A7A6452573149696F773966725339645345644B472B7034364158447344445249674472414B386C50567873496265513976782B796D4A336E38695570666436324477786E596B5243486F34434F6E485369506652414158777443676165734C475A7A6C53552F75326F30374776477A324F435646655338704B5541447361444E4C4C46793939765A7748434E73396B4F526A654550493059646D622B6F6A5A424F394631766943666E49547965574C43784678636548682B6E5638786670554C373757724A617A52634B79456C67556B422B446E495857697441535437745A656E515670455A63737949764F4543454A515A4D5752744F5661573430394E667961776B6D68754577644C4A676B48316D41386643624F564A694D4F4D376F594A30686A53576F566C73413566354E3469374C4E524F4671535955672F547139597630463739346E5A34395039597779477734446B307A345A2B783973685A58366A526C366F4968756937674F53546C62764D3444486B78676E4D74592F78734A652B65504D6B76587231504F3376486154686F4B3952426C646F6B5A61727155616853786E64537745326E6F314643534E55364550745A4432677835416C31744C517A494550635A51526B2B4A444846546954306574332F7A326E7A36523574514D444671596D627A7468454C755043624261566C46526478667758432F6C745174494E646C63464B357A76716C72454B2F487776665845713072365A712B2F766A394F446855546F2B326B2B61424C745A4C67686757546F613068695341476F496D5A4F444674574F557047582B314D5A7953364B42345A75545A6A4D467852727135517577396B336948485A4F64456E6B3358362B76656E366375766636386848766B574353425844662B7152327332456D6F37664973774B47334A4E48524B2F596733524837576362546F517A76314233582F42507231723337682B424E6231744C424850513175507A5652326E4F586D636F4E6D794946637254414347474E6444583171514C49444A78577377756C54564C42776644394F4C355A2B6E4E35382F5477354D4454527263754B324B3232646F6F30326C41365368304A4B47324B3654416759527777636654722F67435176624655713579527A63456268565944686F702B66506A744D76662F6C356576506D61546F384741756D5331745A4C714C775647784F5A554B306A667A55736A6139697042315A503071734F32504E6B74733050714549536144394B656C5432685A6D395273556D6B6364495A682B436835437644753038554F76435A42564D7635766D7A4935456D54706D472F4A35447570346350446A337339345667354D464A62352F556375457971784C4B35416C3757423666424D7248616F525338367141747A2B394D48385569755551797959496E6C6957776A5549655643466A55697A55714A5975797A4E3839727674443037753072763335326C302F4D4C572B4E4F422F634A6B464D484C6141595437556B306D747073544C4438554A78354559365A4D7A7879565A39787771666749706C2F6352674C54307376655373793078774E6B714B6E68694A54344445734C3253304C75616D5772416B6D42782F4458553578682F3964486A683749456F335230754A64365851516B7A3473724E6D6F6E4876674147446B69777950743667654A7158304C7A4A5437494D55794134377930736536534649554C3444706C747177616A427336385A3244683535496F2B4A4A36433162367474586B6E456D32752B2F4F71395831474546466D61447645416676517A74357A4C76345142663177567045574F43544374304F67586C6C6946496437636C7A2B522F6B786744646A453251364A5764623457455031706F43496865564D6C53444D762B727A594E7A566768754A4A776263776546422B757A6869612F76743251742B53636E39364E364B4E652B724331794C2B6447474142545236434D646F467669493465554B7577474A6231326A4A55534D465178422B6C6D7856594553474E785852534273493232646B686D5955797271356D365A30733764743337394A6B4E6C4E7532354F79726749724234435931594E6F4669424869464E486151654F6756654D2F4356666A76454A364D397357574E6F3476526A654C437A72772B7A6438343474734D4B35466856653531754F746A6630345470494F33746A547972703637464B614575575679566F49746C526B67514339636467395446797057594E756B515A624647354C68696D4137765878334257474651332B416A6A454877536F4B7934432F6B70362F50545535536B646533735942786F59556E68574D35702F4E31757279597050646E462B6E7377366E66426A4E627A4158616E6B593136554D4158414C632F425963394D79526552532B77616E322B424F6E377772546F566A2F2F525455414F732F597253622F4E32676B762B74683357355776444F326A4353424661576932434671535A466D765A4833786C614E50776F4830615869305636394F4259345354746A555A7839556E455373427171516C57542B4A57733659634D2B4F6E7A7879685949352B38734F436453483353503279777168494267476457586B566B766E4D63556E66494756615951464D716B4375526845704E68547330366F75386D57584D744C4E5A55456E6B336B367637704B583333316A597A4D4B73304657696F42556F43376B47357743657A44736A382B73397457506E7041794C613863626A625A413179624266657249557579592B6374634436533665795A57585855736876325972382B42473567616A3163654A73785339554A2B336C73364D365A534541547061654244466C734C682F634C69663973596A5764525247736F2F5257702B6B6F71417853534A375849302F7258713367523374685163676850416A484534596C57783865475937674A3979415875422F7372585642654738464F6F575A366F3245787A516E4C6D75416D4C324C5A5143574A5A666D4B5045572B336442746F446573706A637376756C386D63347670764A705036527A57647A5A6647365164727439316143693970464B5979514476456F774C6368364C475133684950516E63694B592B624D714F6F632F644A53775754726C6D55564139534E716F564B5655644279696F4D666A74526D637563366978436B4958467834516A6E73383047505453337634344852364F6655736244734E616B366D57674E7A6875725653694D4448305A634A4556645A6F414A646A34496B79565A63644554616576462B6B585A6D71556A4462464C5843716D5153742B4A7A5A38496E706F465252676D3070444B644961484A435264514373424D6677764A582B714731437148724B563372546430755158585379574C666D3138335236657034754C326670374F786364646C666B324F6641414B333752447A4354656766656C50644A4B543444613568305A70394B6451354A5479706D58392B332F5169614C73584271414347786A432F3066664757527938467437483041645A414F694C6D314A6C43736B374A58753856734867764B363378596C4F3734487376656F4A732B3038792B5078696B34594472303767443053352B4545736B58516D4F342F72316A7049612B3366776A5653527335382B78702F6B4F416D304A316B3051472B55706A4669716D595A4F4D387864433237794B2B5253762B685A766F4773782B72684841554156674A4B596267556F59384979624C667166644E4E77356D7850744B754770446E4D73364E2F2B375732364F4C2B51757A424E4D3033494D4B542B31304A33494568496D334C76574831676E363766316F33566A6E334A4378654546517170685A4E4C4F67644256436B4C4748534A315A35662F3831667857362F2B65302F72483354676F7567706B5A70694331744130716C61644C58687A6A39314643635241435878725778346733555A35374263322F6C346347685A2F656A30644176627141747A6B674458734558416A4B7953744B57336F4B6B3363696B526C446B623669356561746F733033637047616447756E622B4C7042747973706A55774C436D3551354965766562306E7679482B61494E3045506F54494956634150766839494D7337616B733779517431724C45375447327873617537454F45586E6B2F4753394735716B35537946384A6C427A3861664E47726B724579734977494258637A395A3172393247374B732F7868676251424875376F694877354A476C707A477167584F4E796A34556846476835343561514F796E444E30336A472F6151687670763239386270344F4441663430476D46454845434941686738365262394B4A7A6B305A635177715878564D4B69564754556767427639645362566F4A79325069495A50383036685436575677755676763842443830433648596C705174514C652F51634A453567724E6B6C62355753615038426C316E46483165586C366B63774833394879657A69374439567349694C366751494E59577A64456F4238617054565036636A4E57484C68496550443561726E7269725A5558706A5766394F594B576255616853487A7750745278774F58576A4C426B78314B2F554D4A4D6B72722F375665673675316A61324E7666382F583659303257447664357443514878306F4C302B7049414A5232677A6D4F453551376E7755517151426B6250304A644C5070362F5366324F7850547266352B69683968486D667963513561304E52312B444E5739645563764A4F6F455736572F4353754A794F5A3459427969524C75544A677A792B7630756D48737A536454714D393664372F594B4164526D6E46655841576A4E6D6669546B314931444F4A72333632372F5A724162386338423451376E4C6445546D476279784B4F77394663644D55722B79714944556136504868774C715868726E5A61666C6A4F764E326B552F414454384662576C37524C7671453743384B42507746723069374978593769477769486F3077446353745035537537425A587233376E303676547A3379353878594C78694877677744384756364861476D712F45673536424871317453466A3739612F2B4D704A2F3939762F44517064374C6F6132754D4F4B4C59354E4E666E476571354C4E7257424B6E6E7536434F6A6737532F706A46652F366B78734858666D51502B2F75754A78686F67504B325A643042746B354364314452497748512B634677516848727236782F3838384E737641635A394F6C6744744C377A36637038754C7933523263655A48486A4835356A305036795872747579744E6F556A7235554465422B706E66373256332F68564F752F2F76302F61394350663050534431366E47434F4654342B305745334A394F5349502B493965484355447667584A6266743054777A52376B466868344C6273727474504E4E4566724E7647316F42396236716669584261796879367876705736733143684553514233716C4833516F4439634871577A693875764A4C51577646436145313274462B3531794D77794834433639396B79386F4569307733783445464F4941475144487148566E4E6F354F6A394642442F58677369356C4E5047654E42674D32334C442F484145442B422B73324E4D474C57572F645566625159437A5363586F62504B426A765475545A56784A5A4936574E38466F3637663463564E544B333034657773765A6466652F622B4D69316D7542636474374D556F4A7857572F5035497632582F2F54766F2B6E662F505A2F72627663674C755970795758314E545179483866476158394130325954673439792B397832564D6641356F506E514C59544B53556E557356413837775861484D776F624B47566D593346483946507045307A45616832304543396D485655775156725046424443617836687773567A495456696C38394F72394D30336239503531615838313635413355744C5959514865507A6E2F2F6A766F70572F2B322F2F5532364339744942385A56486732463663484B69634A4436773569682B66413645315246466857664E4C6F42336F416F36594277624C4553692F6D4F7275347336375A524D545A4E617971465232794B68322B41425762357A496C414B6534424B3032784B6944534E6B386F70355938697A5356622F76682F586E362B76647630355658456269424B516D732F34486158437A514C4534546F39476F6C31362F664A5A2B2B5A657630374F6E52326B49554F6D4D766A6938414A544C397868784A58565148546A2F3639464C58556F3778675651475A33316162536A72614D794B6849376F47396C4F515976786762347757414A744D594567544A426B487267563159546743365A58616C775047796E70382B4F3069392B385470392F766D7A644B43526E61664F46477239392F2F78542B7348386B6350397A577A482F593969314D4E4859776750364B484878456438786D6C6E654C2F2B50697438563867757552464D2F65554768517254583765334E45574536726547436332777049474C41426E474C427354354F38546D4570674D47464A69345142577A79354571576C3738787A686572394D3337302F534C31303870544B33666666312B765466757037353241497855784333773271672B58424A6A4E75577A49574470412F43675876444934536E4A2F5168775573414D44436546654566625453434D753777596151315542654D67573168576A4A534230544D71775A6D53344A55393841483478346A6E34766F42704E794B53446E33725A794D3832744D4C363675684E47776D474865315179746C6B594A53727263594C5668642B776A65686632555179356F6A4E6A672B534F747075732B3678765930454234425872366167674A346F686F76696A707962714745576C5979302B4C694C4E4D59726139324276375071747938744C3867566F4E61614559556A6A74425448756B454671493756693349487A7733366A763133744B5655394533634947666E2F474C3062744A4E6F4C426C39354F52485477716A4D634231765A79795530453856796B614467714D4A535879733167674F61595935543452696A484A39375239705031725A38534E30494156646852624978527A58454A6761635350414854547152766B3677776C705357386B3543576267444564384F674C44454E30445A444D32794857302F57642F364B66474E514C6D7755324A6C336354557A5733662F5565635164736B67375759584F2B51433734586C6372457A514356654566336735703676783267457638526F6C7242346D334174736D41506F626B4865336F707941627A592B426C5A2F6D6A516B37327446646F414C554A6962623344684C4B476A6530593775416855384E6A46704E36415A6472536A75304B333862685A4462694E34683374364B656D323369307A37716A486456414F37447571427261675856483164414F72447571686C71616365325741485A5542653073363434716F5A542B50794148306E4B4F5364652F4141414141456C46546B5375516D4343);

-- ----------------------------
-- View structure for all_income_transaction_for_michal3
-- ----------------------------
DROP VIEW IF EXISTS `all_income_transaction_for_michal3`;
CREATE ALGORITHM = UNDEFINED SQL SECURITY DEFINER VIEW `all_income_transaction_for_michal3` AS select `t`.`title` AS `transaction_title`,`t`.`amount` AS `amount`,`t`.`transaction_type` AS `transaction_type`,`t`.`transaction_date` AS `transaction_date` from ((`transaction` `t` join `account` `acc` on(`t`.`account_id` = `acc`.`account_id`)) join `user` `u` on(`acc`.`user_id` = `u`.`user_id`)) where `t`.`transaction_type` = 'income' and `u`.`nickname` = 'michal3';

-- ----------------------------
-- View structure for all_income_transaction_in_usd
-- ----------------------------
DROP VIEW IF EXISTS `all_income_transaction_in_usd`;
CREATE ALGORITHM = UNDEFINED SQL SECURITY DEFINER VIEW `all_income_transaction_in_usd` AS select `t`.`title` AS `transaction_title`,`t`.`amount` AS `amount`,`t`.`transaction_type` AS `transaction_type`,`t`.`transaction_date` AS `transaction_date` from ((`transaction` `t` join `account` `acc` on(`t`.`account_id` = `acc`.`account_id`)) join `currency` `cur` on(`acc`.`currency_id` = `cur`.`currency_id`)) where `cur`.`name` = 'USD';

-- ----------------------------
-- View structure for all_transaction_for_account
-- ----------------------------
DROP VIEW IF EXISTS `all_transaction_for_account`;
CREATE ALGORITHM = UNDEFINED SQL SECURITY DEFINER VIEW `all_transaction_for_account` AS select `acc`.`name` AS `account name`,`t`.`title` AS `transaction_title`,`t`.`amount` AS `amount`,`t`.`transaction_type` AS `transaction_type`,`t`.`transaction_date` AS `transaction_date` from (`transaction` `t` join `account` `acc` on(`t`.`account_id` = `acc`.`account_id`));

-- ----------------------------
-- View structure for all_transaction_for_user_3
-- ----------------------------
DROP VIEW IF EXISTS `all_transaction_for_user_3`;
CREATE ALGORITHM = UNDEFINED SQL SECURITY DEFINER VIEW `all_transaction_for_user_3` AS select `t`.`title` AS `transaction_title`,`t`.`amount` AS `amount`,`t`.`transaction_type` AS `transaction_type`,`t`.`transaction_date` AS `transaction_date` from ((`transaction` `t` join `account` `acc` on(`t`.`account_id` = `acc`.`account_id`)) join `user` `u` on(`acc`.`user_id` = `u`.`user_id`)) where `acc`.`user_id` = 3;

-- ----------------------------
-- View structure for category_user_1
-- ----------------------------
DROP VIEW IF EXISTS `category_user_1`;
CREATE ALGORITHM = UNDEFINED SQL SECURITY DEFINER VIEW `category_user_1` AS select `category`.`name` AS `name` from `category` where `category`.`user_id` = 1;

-- ----------------------------
-- View structure for category_user_2
-- ----------------------------
DROP VIEW IF EXISTS `category_user_2`;
CREATE ALGORITHM = UNDEFINED SQL SECURITY DEFINER VIEW `category_user_2` AS select `category`.`name` AS `name` from `category` where `category`.`user_id` = 2;

-- ----------------------------
-- View structure for category_user_3
-- ----------------------------
DROP VIEW IF EXISTS `category_user_3`;
CREATE ALGORITHM = UNDEFINED SQL SECURITY DEFINER VIEW `category_user_3` AS select `category`.`name` AS `name` from `category` where `category`.`user_id` = 3;

-- ----------------------------
-- View structure for category_with_subcategory
-- ----------------------------
DROP VIEW IF EXISTS `category_with_subcategory`;
CREATE ALGORITHM = UNDEFINED SQL SECURITY DEFINER VIEW `category_with_subcategory` AS select `u`.`nickname` AS `nickname`,`cat`.`name` AS `category_name`,`sub`.`name` AS `subcategory_name` from ((`category` `cat` left join `subcategory` `sub` on(`cat`.`category_id` = `sub`.`category_id`)) join `user` `u` on(`cat`.`user_id` = `u`.`user_id`));

-- ----------------------------
-- View structure for expense_category
-- ----------------------------
DROP VIEW IF EXISTS `expense_category`;
CREATE ALGORITHM = UNDEFINED SQL SECURITY DEFINER VIEW `expense_category` AS select `category`.`name` AS `name` from `category` where `category`.`general_type_id` = 2;

-- ----------------------------
-- View structure for income_category
-- ----------------------------
DROP VIEW IF EXISTS `income_category`;
CREATE ALGORITHM = UNDEFINED SQL SECURITY DEFINER VIEW `income_category` AS select `category`.`name` AS `name` from `category` where `category`.`general_type_id` = 1;

-- ----------------------------
-- View structure for payee_for_user
-- ----------------------------
DROP VIEW IF EXISTS `payee_for_user`;
CREATE ALGORITHM = UNDEFINED SQL SECURITY DEFINER VIEW `payee_for_user` AS select `u`.`nickname` AS `nickname`,`p`.`name` AS `payee_name`,`gt`.`name` AS `general_type` from ((`user` `u` left join `payee` `p` on(`u`.`user_id` = `p`.`user_id`)) join `general_type` `gt` on(`p`.`general_type_id` = `gt`.`general_type_id`));

-- ----------------------------
-- View structure for trasaction_payee_2
-- ----------------------------
DROP VIEW IF EXISTS `trasaction_payee_2`;
CREATE ALGORITHM = UNDEFINED SQL SECURITY DEFINER VIEW `trasaction_payee_2` AS select `transaction`.`title` AS `title`,`transaction`.`transaction_date` AS `transaction_date`,`transaction`.`amount` AS `amount`,`transaction`.`transaction_type` AS `transaction_type` from `transaction` where `transaction`.`payee_id` = 2;

-- ----------------------------
-- View structure for user_and_accounts_with_pln
-- ----------------------------
DROP VIEW IF EXISTS `user_and_accounts_with_pln`;
CREATE ALGORITHM = UNDEFINED SQL SECURITY DEFINER VIEW `user_and_accounts_with_pln` AS select `user`.`email` AS `email`,`user`.`nickname` AS `nickname`,`account`.`name` AS `name_account`,`account`.`current_balance` AS `current_balance` from ((`user` left join `account` on(`user`.`user_id` = `account`.`user_id`)) left join `currency` on(`account`.`currency_id` = `currency`.`currency_id`)) where `currency`.`name` = 'PLN';

-- ----------------------------
-- View structure for user_and_accounts_with_usd
-- ----------------------------
DROP VIEW IF EXISTS `user_and_accounts_with_usd`;
CREATE ALGORITHM = UNDEFINED SQL SECURITY DEFINER VIEW `user_and_accounts_with_usd` AS select `u`.`email` AS `email`,`u`.`nickname` AS `nickname`,`acc`.`name` AS `name_account`,`acc`.`current_balance` AS `current_balance` from ((`user` `u` join `account` `acc` on(`u`.`user_id` = `acc`.`user_id` and `u`.`is_active` = `acc`.`is_active`)) left join `currency` `cur` on(`acc`.`currency_id` = `cur`.`currency_id`)) where `cur`.`name` = 'USD';

-- ----------------------------
-- View structure for v_account_with_current_balance_email
-- ----------------------------
DROP VIEW IF EXISTS `v_account_with_current_balance_email`;
CREATE ALGORITHM = UNDEFINED SQL SECURITY DEFINER VIEW `v_account_with_current_balance_email` AS select `account`.`name` AS `account_name`,`account`.`current_balance` AS `current_balance`,`user`.`email` AS `email` from (`account` left join `user` on(`user`.`user_id` = `account`.`user_id`)) intersect select `account`.`name` AS `account_name`,`account`.`current_balance` AS `current_balance`,`user`.`email` AS `email` from (`user` left join `account` on(`user`.`user_id` = `account`.`user_id`));

-- ----------------------------
-- View structure for v_account_with_pln_currency
-- ----------------------------
DROP VIEW IF EXISTS `v_account_with_pln_currency`;
CREATE ALGORITHM = UNDEFINED SQL SECURITY DEFINER VIEW `v_account_with_pln_currency` AS select `account`.`name` AS `name` from `account` where `account`.`currency_id` = all (select `currency`.`currency_id` from `currency` where `currency`.`name` = 'PLN');

-- ----------------------------
-- View structure for v_all_name_of_account_with_currency
-- ----------------------------
DROP VIEW IF EXISTS `v_all_name_of_account_with_currency`;
CREATE ALGORITHM = UNDEFINED SQL SECURITY DEFINER VIEW `v_all_name_of_account_with_currency` AS select `account`.`name` AS `name` from `account` where `account`.`currency_id` in (select `currency`.`currency_id` from `currency`);

-- ----------------------------
-- View structure for v_all_subcategory
-- ----------------------------
DROP VIEW IF EXISTS `v_all_subcategory`;
CREATE ALGORITHM = UNDEFINED SQL SECURITY DEFINER VIEW `v_all_subcategory` AS select `subcategory`.`subcategory_id` AS `subcategory_id`,`subcategory`.`name` AS `name` from `subcategory` where exists(select `category`.`name` from `category` limit 1);

-- ----------------------------
-- View structure for v_all_transactions_without_income_type
-- ----------------------------
DROP VIEW IF EXISTS `v_all_transactions_without_income_type`;
CREATE ALGORITHM = UNDEFINED SQL SECURITY DEFINER VIEW `v_all_transactions_without_income_type` AS select `transaction`.`transaction_id` AS `transaction_id`,`transaction`.`transaction_date` AS `transaction_date`,`transaction`.`title` AS `title`,`transaction`.`amount` AS `amount`,`transaction`.`transaction_type` AS `transaction_type`,`transaction`.`account_id` AS `account_id`,`transaction`.`payee_id` AS `payee_id`,`transaction`.`category_id` AS `category_id`,`transaction`.`subcategory_id` AS `subcategory_id` from `transaction` except select `transaction`.`transaction_id` AS `transaction_id`,`transaction`.`transaction_date` AS `transaction_date`,`transaction`.`title` AS `title`,`transaction`.`amount` AS `amount`,`transaction`.`transaction_type` AS `transaction_type`,`transaction`.`account_id` AS `account_id`,`transaction`.`payee_id` AS `payee_id`,`transaction`.`category_id` AS `category_id`,`transaction`.`subcategory_id` AS `subcategory_id` from `transaction` where `transaction`.`transaction_type` = 'income';

-- ----------------------------
-- View structure for v_count_day_from_created
-- ----------------------------
DROP VIEW IF EXISTS `v_count_day_from_created`;
CREATE ALGORITHM = UNDEFINED SQL SECURITY DEFINER VIEW `v_count_day_from_created` AS select to_days(current_timestamp()) - to_days(`user`.`created_at`) AS `Day from created` from `user`;

-- ----------------------------
-- View structure for v_display_only_name_if_exist_more_than_one_in_database
-- ----------------------------
DROP VIEW IF EXISTS `v_display_only_name_if_exist_more_than_one_in_database`;
CREATE ALGORITHM = UNDEFINED SQL SECURITY DEFINER VIEW `v_display_only_name_if_exist_more_than_one_in_database` AS select `subcategory`.`name` AS `name`,count(0) AS `how_many_the_same_name_of_subcategory_in_database` from `subcategory` group by `subcategory`.`name` having `how_many_the_same_name_of_subcategory_in_database` > 1;

-- ----------------------------
-- View structure for v_display_unique_subcategories_name
-- ----------------------------
DROP VIEW IF EXISTS `v_display_unique_subcategories_name`;
CREATE ALGORITHM = UNDEFINED SQL SECURITY DEFINER VIEW `v_display_unique_subcategories_name` AS select `subcategory`.`name` AS `name` from `subcategory` group by `subcategory`.`name`;

-- ----------------------------
-- View structure for v_names_of_categories_subcategories
-- ----------------------------
DROP VIEW IF EXISTS `v_names_of_categories_subcategories`;
CREATE ALGORITHM = UNDEFINED SQL SECURITY DEFINER VIEW `v_names_of_categories_subcategories` AS select `category`.`name` AS `name` from `category` union select `subcategory`.`name` AS `name` from `subcategory`;

-- ----------------------------
-- View structure for v_nickname_to_upper_case
-- ----------------------------
DROP VIEW IF EXISTS `v_nickname_to_upper_case`;
CREATE ALGORITHM = UNDEFINED SQL SECURITY DEFINER VIEW `v_nickname_to_upper_case` AS select ucase(`user`.`nickname`) AS `UPPER(nickname)` from `user`;

-- ----------------------------
-- View structure for v_non_recursive_cte
-- ----------------------------
DROP VIEW IF EXISTS `v_non_recursive_cte`;
CREATE ALGORITHM = UNDEFINED SQL SECURITY DEFINER VIEW `v_non_recursive_cte` AS with t_email as (select `ftm_lab6_12-06-2021`.`user`.`email` AS `email`,`ftm_lab6_12-06-2021`.`user`.`nickname` AS `nickname` from `ftm_lab6_12-06-2021`.`user` order by `ftm_lab6_12-06-2021`.`user`.`nickname`)select `t_email`.`nickname` AS `nickname` from `t_email` where `t_email`.`email` like '%@gmail.com';

-- ----------------------------
-- View structure for v_random_row_from_payee
-- ----------------------------
DROP VIEW IF EXISTS `v_random_row_from_payee`;
CREATE ALGORITHM = UNDEFINED SQL SECURITY DEFINER VIEW `v_random_row_from_payee` AS select `payee`.`payee_id` AS `payee_id`,`payee`.`name` AS `name`,`payee`.`is_active` AS `is_active`,`payee`.`general_type_id` AS `general_type_id`,`payee`.`user_id` AS `user_id` from `payee` order by rand() limit 1;

-- ----------------------------
-- View structure for v_recursive_cte
-- ----------------------------
DROP VIEW IF EXISTS `v_recursive_cte`;
CREATE ALGORITHM = UNDEFINED SQL SECURITY DEFINER VIEW `v_recursive_cte` AS with recursive t_transfer as (select `ftm_lab6_12-06-2021`.`transfer`.`transfer_id` AS `transfer_id`,`ftm_lab6_12-06-2021`.`transfer`.`transfer_date` AS `transfer_date`,`ftm_lab6_12-06-2021`.`transfer`.`title` AS `title`,`ftm_lab6_12-06-2021`.`transfer`.`amount` AS `amount`,`ftm_lab6_12-06-2021`.`transfer`.`recipient_account_id` AS `recipient_account_id`,`ftm_lab6_12-06-2021`.`transfer`.`owner_account_id` AS `owner_account_id` from `ftm_lab6_12-06-2021`.`transfer` order by `ftm_lab6_12-06-2021`.`transfer`.`transfer_date`)select `ftm_lab6_12-06-2021`.`account`.`name` AS `name` from (`ftm_lab6_12-06-2021`.`account` join `t_transfer` on(`t_transfer`.`recipient_account_id` = `ftm_lab6_12-06-2021`.`account`.`account_id`)) union select `ftm_lab6_12-06-2021`.`account`.`name` AS `name` from (`ftm_lab6_12-06-2021`.`account` join (select `ftm_lab6_12-06-2021`.`transfer`.`transfer_id` AS `transfer_id`,`ftm_lab6_12-06-2021`.`transfer`.`transfer_date` AS `transfer_date`,`ftm_lab6_12-06-2021`.`transfer`.`title` AS `title`,`ftm_lab6_12-06-2021`.`transfer`.`amount` AS `amount`,`ftm_lab6_12-06-2021`.`transfer`.`recipient_account_id` AS `recipient_account_id`,`ftm_lab6_12-06-2021`.`transfer`.`owner_account_id` AS `owner_account_id` from `ftm_lab6_12-06-2021`.`transfer` order by `ftm_lab6_12-06-2021`.`transfer`.`transfer_date`) `t_transfer` on(`t_transfer`.`owner_account_id` = `ftm_lab6_12-06-2021`.`account`.`account_id`));

-- ----------------------------
-- View structure for v_sum_of_all_amount_for_income_transactions
-- ----------------------------
DROP VIEW IF EXISTS `v_sum_of_all_amount_for_income_transactions`;
CREATE ALGORITHM = UNDEFINED SQL SECURITY DEFINER VIEW `v_sum_of_all_amount_for_income_transactions` AS select sum(`transaction`.`amount`) AS `SUM(amount)` from `transaction` where `transaction`.`transaction_type` = 'INCOME';

-- ----------------------------
-- View structure for v_transaction_between_5_to_100_amount
-- ----------------------------
DROP VIEW IF EXISTS `v_transaction_between_5_to_100_amount`;
CREATE ALGORITHM = UNDEFINED SQL SECURITY DEFINER VIEW `v_transaction_between_5_to_100_amount` AS select `transaction`.`transaction_id` AS `transaction_id`,`transaction`.`transaction_date` AS `transaction_date`,`transaction`.`title` AS `title`,`transaction`.`amount` AS `amount`,`transaction`.`transaction_type` AS `transaction_type`,`transaction`.`account_id` AS `account_id`,`transaction`.`payee_id` AS `payee_id`,`transaction`.`category_id` AS `category_id`,`transaction`.`subcategory_id` AS `subcategory_id` from `transaction` where `transaction`.`amount` between 5 and 100;

-- ----------------------------
-- View structure for v_user_with_last_login_in_2021
-- ----------------------------
DROP VIEW IF EXISTS `v_user_with_last_login_in_2021`;
CREATE ALGORITHM = UNDEFINED SQL SECURITY DEFINER VIEW `v_user_with_last_login_in_2021` AS select `user`.`nickname` AS `nickname` from `user` where year(`user`.`last_login`) = '2021';

-- ----------------------------
-- Function structure for avg_amount_transactions
-- ----------------------------
DROP FUNCTION IF EXISTS `avg_amount_transactions`;
delimiter ;;
CREATE FUNCTION `avg_amount_transactions`(amount double)
 RETURNS double
BEGIN
	DECLARE average DOUBLE DEFAULT 0;
	DECLARE CONTINUE HANDLER FOR NOT FOUND RETURN average;
	LOOP
		FETCH GROUP NEXT ROW;
		SET average = average+amount;
	END LOOP;
END
;;
delimiter ;

-- ----------------------------
-- Procedure structure for delete_transaction
-- ----------------------------
DROP PROCEDURE IF EXISTS `delete_transaction`;
delimiter ;;
CREATE PROCEDURE `delete_transaction`(IN `vtransaction_id` int)
dt: BEGIN

SET SESSION autocommit := 0;

START TRANSACTION;

SET @amount_t = (SELECT amount 
FROM transaction 
WHERE vtransaction_id = transaction.transaction_id 
LOCK IN SHARE MODE);

SELECT @amount_t;

IF ISNULL(@amount_id) THEN
	ROLLBACK;
	SET SESSION autocommit := 1;
	LEAVE dt;
END IF;	

SET @account_id = (SELECT account_id 
FROM transaction 
WHERE vtransaction_id = transaction.transaction_id
LOCK IN SHARE MODE);

SET @t_type = (SELECT transaction_type 
FROM transaction 
WHERE vtransaction_id = transaction.transaction_id
FOR UPDATE);

CASE @t_type
	WHEN 'income' THEN
		UPDATE account 
		SET current_balance=current_balance-@amount_t
		WHERE @account_id = account.account_id;
	WHEN 'expense' THEN
		UPDATE account 
		SET current_balance=current_balance+@amount_t
		WHERE @account_id = account.account_id;
END CASE;

DELETE FROM transaction 
WHERE transaction.transaction_id = vtransaction_id;



COMMIT;

SET SESSION autocommit := 1;

END
;;
delimiter ;

-- ----------------------------
-- Event structure for add_new_partition
-- ----------------------------
DROP EVENT IF EXISTS `add_new_partition`;
delimiter ;;
CREATE EVENT `add_new_partition`
ON SCHEDULE
EVERY '1' YEAR STARTS '2021-06-10 17:06:00'
ON COMPLETION PRESERVE
DO BEGIN
SET @new_year=YEAR(now())+1;
SET @sql = concat("alter table logs reorganize partition the_newest into (partition less_than_", @new_year, " values less than (", (@new_year+1) ,"), partition the_newest values less than maxvalue);");
PREPARE st1 FROM @sql;
EXECUTE st1;
DEALLOCATE PREPARE st1;
END
;;
delimiter ;

-- ----------------------------
-- Triggers structure for table transaction
-- ----------------------------
DROP TRIGGER IF EXISTS `add_new_transaction`;
delimiter ;;
CREATE TRIGGER `add_new_transaction` AFTER INSERT ON `transaction` FOR EACH ROW BEGIN

CASE NEW.transaction_type
	WHEN 'income' THEN
		UPDATE account 
		SET current_balance=current_balance+NEW.amount 
			WHERE NEW.account_id = account.account_id;
	WHEN 'expense' THEN
		UPDATE account 
		SET current_balance=current_balance-NEW.amount 
			WHERE NEW.account_id = account.account_id;
END CASE;

-- Nie mialem pomyslu gdzie wykorzystac petle
set @w := 10;
WHILE @w>0 DO
	set @w := @w -1;
END WHILE;

END
;;
delimiter ;

SET FOREIGN_KEY_CHECKS = 1;
